segment,team_a,team_b,journee,odds_h,odds_a,pick,cote,strength,actual,won,roi,n_supporting
FS,Sunderland,West Ham,34,5.14,1.62,1,5.14,1.094,2,False,-1.0,2
FS,Burnley,London Reds,34,9.63,1.34,1,9.63,0.544,2,False,-1.0,1
FS,Leeds,Liverpool,35,9.71,1.26,1,9.71,0.544,2,False,-1.0,1
FS,London Blues,N. Forest,36,1.41,7.06,1,1.41,0.65,X,False,-1.0,1
DS,Brighton,Liverpool,1,2.6,2.36,1,2.6,0.656,1,True,1.6,1
DS,Burnley,London Reds,1,10.05,1.32,2,1.32,0.52,2,True,0.32000000000000006,1
DS,Brentford,Everton,2,1.73,4.47,2,4.47,0.472,X,False,-1.0,1
DS,C. Palace,Brighton,2,2.27,2.76,1,2.27,0.656,X,False,-1.0,1
DS,N. Forest,Manchester Blue,2,4.56,1.77,2,1.77,1.0,1,False,-1.0,1
DS,Bournemouth,London Blues,3,2.44,2.81,2,2.81,0.8,2,True,1.81,1
DS,West Ham,N. Forest,3,1.83,3.88,1,1.83,0.746,1,True,0.8300000000000001,1
DS,Brighton,London Reds,3,4.3,1.77,2,1.77,1.0,1,False,-1.0,1
MS_early,Leeds,London Blues,8,5.79,1.51,1,5.79,0.448,2,False,-1.0,1
MS_early,Bournemouth,Fulham,9,2.49,2.83,1,2.49,0.34199999999999997,1,True,1.4900000000000002,1
MS_early,Leeds,Newcastle,10,7.61,1.35,1,7.61,0.448,2,False,-1.0,1
MS_early,Spurs,Bournemouth,10,1.64,4.17,2,4.17,0.5,X,False,-1.0,1
MS_early,Bournemouth,Brentford,11,2.63,2.7,1,2.63,0.34199999999999997,1,True,1.63,1
MS_early,Sunderland,Newcastle,12,9.4,1.29,1,9.4,0.448,2,False,-1.0,1
MS_early,Everton,Bournemouth,12,2.13,3.27,2,3.27,0.5,X,False,-1.0,1
MS_late,Burnley,Manchester Blue,26,7.91,1.41,2,1.41,0.496,2,True,0.4099999999999999,1
FS,Spurs,London Blues,35,1.89,3.39,1,1.89,1.0,1,True,0.8899999999999999,1
FS,Fulham,C. Palace,35,2.11,3.3,2,3.3,1.0,1,False,-1.0,1
FS,N. Forest,London Reds,34,4.97,1.72,1,4.97,0.44,1,True,3.9699999999999998,1
FS,London Blues,Wolverhampton,34,1.43,6.79,1,1.43,0.65,2,False,-1.0,1
FS,Sunderland,Leeds,34,3.17,2.34,1,3.17,0.55,X,False,-1.0,1
FS,Sunderland,Brighton,37,8.36,1.31,1,8.36,1.094,X,False,-1.0,2
FS,Burnley,Liverpool,37,5.5,1.54,1,5.5,0.544,2,False,-1.0,1
FS,Spurs,Newcastle,37,2.26,2.65,1,2.26,0.746,1,True,1.2599999999999998,1
FS,Bournemouth,Manchester Blue,37,5.08,1.69,1,5.08,0.544,2,False,-1.0,1
FS,Brentford,London Reds,37,4.57,1.68,1,4.57,0.44,X,False,-1.0,1
DS,Leeds,West Ham,1,4.27,1.76,2,1.76,2.0,2,True,0.76,2
MS_early,Sunderland,Manchester Blue,4,19.46,1.14,1,19.46,0.448,2,False,-1.0,1
DS,Bournemouth,West Ham,3,1.96,3.71,2,3.71,1.472,1,False,-1.0,2
MS_early,Sunderland,London Blues,6,6.95,1.43,1,6.95,0.448,X,False,-1.0,1
MS_early,Burnley,Fulham,7,3.47,2.09,1,3.47,0.48,X,False,-1.0,1
MS_early,Bournemouth,Manchester Red,7,2.3,3.12,1,2.3,0.34199999999999997,2,False,-1.0,1
MS_early,Burnley,Manchester Blue,9,8.2,1.4,1,8.2,0.448,2,False,-1.0,1
MS_early,N. Forest,Bournemouth,8,1.79,3.97,2,3.97,0.5,1,False,-1.0,1
MS_early,Sunderland,West Ham,8,5.0,1.64,1,5.0,0.448,2,False,-1.0,1
MS_early,Leeds,Burnley,8,3.2,2.04,1,3.2,0.48,X,False,-1.0,1
MS_early,Leeds,Spurs,12,6.23,1.43,1,6.23,0.448,2,False,-1.0,1
MS_early,N. Forest,Liverpool,12,3.03,2.18,1,3.03,0.48,X,False,-1.0,1
MS_early,Sunderland,C. Palace,10,6.41,1.52,1,6.41,0.448,1,True,5.41,1
MS_early,Bournemouth,Burnley,10,1.7,4.49,1,1.7,0.5,1,True,0.7,1
MS_late,West Ham,London Reds,33,6.51,1.47,2,1.47,0.496,2,True,0.47,1
FS,Burnley,Sunderland,34,2.5,2.69,2,2.69,0.55,1,False,-1.0,1
FS,London Blues,Spurs,34,1.78,3.86,2,3.86,1.0,1,False,-1.0,1
FS,Sunderland,London Reds,35,22.78,1.12,1,22.78,1.094,2,False,-1.0,2
FS,Spurs,Wolverhampton,35,1.53,5.13,1,1.53,1.0,1,True,0.53,1
FS,Leeds,Manchester Blue,35,15.04,1.18,1,15.04,0.544,2,False,-1.0,1
FS,Manchester Blue,C. Palace,36,1.3,8.92,2,8.92,1.0,X,False,-1.0,1
FS,Sunderland,A. Villa,37,6.0,1.54,1,6.0,1.094,2,False,-1.0,2
FS,Leeds,London Blues,37,5.82,1.52,1,5.82,0.544,X,False,-1.0,1
FS,Spurs,Liverpool,37,2.63,2.25,1,2.63,0.746,1,True,1.63,1
DS,Fulham,Spurs,1,2.27,2.67,1,2.27,0.306,X,False,-1.0,1
DS,Leeds,Brighton,1,6.11,1.44,2,1.44,0.52,2,True,0.43999999999999995,1
DS,West Ham,Fulham,3,2.51,2.6,1,2.51,1.6560000000000001,2,False,-1.0,2
MS_early,Burnley,Manchester Red,4,3.13,2.28,1,3.13,0.48,2,False,-1.0,1
MS_early,West Ham,Bournemouth,6,2.08,3.04,2,3.04,0.5,2,True,2.04,1
MS_early,Burnley,London Blues,7,3.4,2.08,1,3.4,0.48,X,False,-1.0,1
MS_early,Wolverhampton,Spurs,7,2.72,2.3,1,2.72,0.48,1,True,1.7200000000000002,1
MS_early,C. Palace,Liverpool,8,2.96,2.18,1,2.96,0.48,X,False,-1.0,1
MS_early,Bournemouth,Leeds,8,1.58,6.33,1,1.58,0.5,1,True,0.5800000000000001,1
MS_early,N. Forest,Bournemouth,9,1.83,3.84,2,3.84,0.5,1,False,-1.0,1
MS_early,Leeds,Manchester Red,10,5.05,1.64,1,5.05,0.448,2,False,-1.0,1
MS_early,Sunderland,Fulham,12,7.41,1.42,1,7.41,0.448,X,False,-1.0,1
MS_early,Wolverhampton,Manchester Blue,8,5.34,1.62,1,5.34,0.448,2,False,-1.0,1
MS_early,Bournemouth,Fulham,7,2.45,2.88,1,2.45,0.34199999999999997,1,True,1.4500000000000002,1
MS_early,Bournemouth,Leeds,11,1.59,6.19,1,1.59,0.5,1,True,0.5900000000000001,1
MS_early,C. Palace,Bournemouth,10,1.85,3.7,2,3.7,0.5,X,False,-1.0,1
MS_late,Burnley,London Reds,28,9.61,1.34,2,1.34,0.496,2,True,0.3400000000000001,1
FS,Bournemouth,Liverpool,34,3.6,1.94,1,3.6,0.44,1,True,2.6,1
FS,Everton,Sunderland,35,1.96,3.8,2,3.8,0.55,1,False,-1.0,1
FS,A. Villa,Spurs,35,1.67,4.11,2,4.11,1.0,2,True,3.1100000000000003,1
FS,C. Palace,Leeds,35,1.47,7.12,1,1.47,1.0,1,True,0.47,1
DS,Newcastle,Manchester Blue,1,2.36,2.82,1,2.36,0.656,X,False,-1.0,1
DS,Sunderland,Spurs,1,7.31,1.37,2,1.37,0.52,2,True,0.3700000000000001,1
DS,Brentford,Everton,1,1.68,4.73,2,4.73,0.472,2,True,3.7300000000000004,1
DS,Everton,London Blues,3,2.59,2.78,2,2.78,0.8,X,False,-1.0,1
DS,Sunderland,A. Villa,3,5.96,1.54,2,1.54,1.0,2,True,0.54,1
DS,N. Forest,Brentford,2,2.28,3.06,1,2.28,0.656,2,False,-1.0,1
MS_late,Sunderland,Brighton,26,7.9,1.34,2,1.34,0.496,X,False,-1.0,1
MS_late,Burnley,Manchester Blue,33,8.45,1.38,2,1.38,0.496,2,True,0.3799999999999999,1
FS,Spurs,Burnley,35,1.47,5.36,1,1.47,1.0,X,False,-1.0,1
FS,Sunderland,Newcastle,35,8.61,1.32,1,8.61,1.094,X,False,-1.0,2
FS,Brentford,London Reds,35,4.62,1.65,1,4.62,0.44,2,False,-1.0,1
FS,Liverpool,London Blues,35,1.36,7.55,2,7.55,0.65,2,True,6.55,1
FS,London Blues,Manchester Red,36,1.67,4.83,1,1.67,0.65,2,False,-1.0,1
FS,Everton,Sunderland,36,1.93,3.89,2,3.89,0.55,2,True,2.89,1
FS,Leeds,Brighton,37,6.31,1.43,1,6.31,0.544,2,False,-1.0,1
DS,Sunderland,West Ham,2,5.04,1.64,2,1.64,2.0,2,True,0.6399999999999999,2
DS,Bournemouth,Wolverhampton,2,1.84,4.17,2,4.17,0.472,X,False,-1.0,1
DS,C. Palace,A. Villa,2,1.99,3.6,2,3.6,0.472,X,False,-1.0,1
DS,Wolverhampton,C. Palace,1,2.57,2.75,1,2.57,0.656,X,False,-1.0,1
MS_early,Bournemouth,Everton,4,2.09,4.0,1,2.09,0.5,1,True,1.0899999999999999,1
MS_early,Sunderland,Newcastle,5,9.61,1.28,1,9.61,0.448,2,False,-1.0,1
MS_early,C. Palace,Bournemouth,5,1.93,3.45,2,3.45,0.5,1,False,-1.0,1
MS_early,Bournemouth,Spurs,6,2.54,2.53,1,2.54,0.34199999999999997,1,True,1.54,1
MS_early,Wolverhampton,London Reds,8,6.51,1.51,1,6.51,0.448,2,False,-1.0,1
MS_early,Burnley,Everton,8,2.77,2.8,1,2.77,0.48,1,True,1.77,1
MS_early,Leeds,A. Villa,8,5.24,1.62,1,5.24,0.448,2,False,-1.0,1
MS_early,Bournemouth,Brentford,9,2.57,2.79,1,2.57,0.34199999999999997,X,False,-1.0,1
MS_early,Burnley,Bournemouth,10,2.79,2.34,2,2.34,0.5,2,True,1.3399999999999999,1
MS_early,Leeds,C. Palace,10,5.33,1.64,1,5.33,0.448,2,False,-1.0,1
MS_early,Sunderland,A. Villa,11,6.16,1.52,1,6.16,0.448,2,False,-1.0,1
MS_early,C. Palace,London Reds,11,5.26,1.65,1,5.26,0.448,1,True,4.26,1
MS_early,London Reds,Bournemouth,12,1.28,8.46,2,8.46,0.5,1,False,-1.0,1
FS,Manchester Red,Spurs,34,1.98,3.25,2,3.25,1.0,X,False,-1.0,1
FS,Sunderland,N. Forest,34,4.34,1.76,1,4.34,0.99,1,True,3.34,2
FS,Burnley,London Reds,35,9.71,1.34,1,9.71,0.544,1,True,8.71,1
FS,Spurs,Leeds,35,1.32,8.57,1,1.32,1.0,1,True,0.32000000000000006,1
FS,Leeds,West Ham,37,4.07,1.79,1,4.07,0.44,1,True,3.0700000000000003,1
FS,Spurs,London Reds,37,4.41,1.68,1,4.41,1.44,1,True,3.41,2
FS,Burnley,Sunderland,37,2.56,2.65,2,2.65,0.55,X,False,-1.0,1
FS,Liverpool,C. Palace,37,1.33,8.78,2,8.78,1.0,1,False,-1.0,1
FS,London Blues,N. Forest,37,1.46,6.41,1,1.46,0.65,1,True,0.45999999999999996,1
DS,Liverpool,London Blues,1,1.36,7.6,2,7.6,0.8,1,False,-1.0,1
DS,Wolverhampton,West Ham,1,2.14,3.17,2,3.17,1.0,1,False,-1.0,1
DS,Sunderland,A. Villa,1,6.09,1.53,2,1.53,1.0,2,True,0.53,1
DS,Burnley,West Ham,3,2.66,2.54,2,2.54,1.0,1,False,-1.0,1
DS,N. Forest,Brighton,3,2.24,2.84,1,2.24,0.656,2,False,-1.0,1
DS,Manchester Red,A. Villa,3,1.78,4.29,2,4.29,0.472,1,False,-1.0,1
MS_early,Liverpool,Bournemouth,5,1.23,10.4,2,10.4,0.5,1,False,-1.0,1
MS_early,A. Villa,Manchester Blue,4,2.92,2.25,1,2.92,0.48,2,False,-1.0,1
MS_early,Brentford,Liverpool,4,2.87,2.11,1,2.87,0.48,2,False,-1.0,1
MS_early,N. Forest,Liverpool,7,3.03,2.17,1,3.03,0.48,2,False,-1.0,1
MS_early,London Blues,Bournemouth,9,1.52,5.43,2,5.43,0.5,1,False,-1.0,1
MS_early,Burnley,C. Palace,9,3.36,2.21,1,3.36,0.48,1,True,2.36,1
MS_early,Bournemouth,West Ham,8,1.97,3.71,1,1.97,0.5,X,False,-1.0,1
MS_early,Sunderland,C. Palace,12,5.99,1.56,1,5.99,0.448,2,False,-1.0,1
MS_early,Everton,London Reds,12,6.22,1.61,1,6.22,0.448,X,False,-1.0,1
FS,Manchester Blue,C. Palace,34,1.29,9.14,2,9.14,1.0,1,False,-1.0,1
FS,Liverpool,Spurs,34,1.35,7.17,2,7.17,1.0,2,True,6.17,1
FS,London Blues,A. Villa,34,1.63,5.03,1,1.63,0.65,1,True,0.6299999999999999,1
FS,Brentford,Manchester Blue,35,3.83,1.82,1,3.83,0.44,2,False,-1.0,1
FS,Leeds,West Ham,35,4.03,1.81,1,4.03,0.44,X,False,-1.0,1
FS,Burnley,Liverpool,35,5.53,1.53,1,5.53,0.544,2,False,-1.0,1
FS,Brighton,London Blues,35,1.98,3.36,2,3.36,0.65,1,False,-1.0,1
FS,Wolverhampton,Liverpool,36,3.78,1.85,1,3.78,0.44,X,False,-1.0,1
FS,London Blues,Leeds,36,1.29,10.76,1,1.29,0.464,1,True,0.29000000000000004,1
FS,Everton,Spurs,36,2.61,2.5,2,2.5,1.0,2,True,1.5,1
FS,Manchester Red,Sunderland,36,1.54,5.51,2,5.51,0.55,2,True,4.51,1
FS,Newcastle,London Blues,37,1.48,5.92,2,5.92,0.65,1,False,-1.0,1
FS,Bournemouth,London Reds,37,5.85,1.6,1,5.85,0.544,2,False,-1.0,1
FS,Spurs,West Ham,37,1.68,4.19,1,1.68,1.0,1,True,0.6799999999999999,1
DS,Brighton,London Blues,1,1.94,3.5,2,3.5,1.272,2,True,2.5,2
DS,Manchester Red,Liverpool,1,2.51,2.53,1,2.51,0.656,2,False,-1.0,1
DS,Wolverhampton,A. Villa,1,2.42,2.84,1,2.42,0.656,1,True,1.42,1
DS,N. Forest,Sunderland,1,1.66,4.78,2,4.78,0.472,1,False,-1.0,1
DS,Everton,Wolverhampton,2,1.91,4.07,2,4.07,0.472,1,False,-1.0,1
DS,Fulham,Spurs,2,2.35,2.56,1,2.35,0.306,2,False,-1.0,1
DS,Sunderland,C. Palace,2,6.38,1.53,2,1.53,1.0,1,False,-1.0,1
DS,Bournemouth,Burnley,3,1.76,4.21,2,4.21,0.472,1,False,-1.0,1
DS,Wolverhampton,Manchester Red,3,2.44,2.81,1,2.44,0.656,1,True,1.44,1
DS,Leeds,A. Villa,3,5.36,1.6,2,1.6,1.0,2,True,0.6000000000000001,1
DS,Brighton,West Ham,3,1.66,4.56,2,4.56,1.472,X,False,-1.0,2
MS_early,Burnley,Manchester Blue,4,7.75,1.42,1,7.75,0.448,2,False,-1.0,1
MS_early,Sunderland,Spurs,4,8.04,1.32,1,8.04,0.448,2,False,-1.0,1
MS_early,Bournemouth,Everton,5,2.06,3.97,1,2.06,0.5,X,False,-1.0,1
MS_early,Everton,Manchester Blue,6,5.19,1.72,1,5.19,0.448,2,False,-1.0,1
MS_early,Manchester Red,Bournemouth,6,1.63,4.73,2,4.73,0.5,1,False,-1.0,1
MS_early,Burnley,Everton,7,2.7,2.84,1,2.7,0.48,X,False,-1.0,1
MS_early,Sunderland,Liverpool,7,11.66,1.22,1,11.66,0.448,2,False,-1.0,1
MS_early,Brentford,Bournemouth,8,1.7,3.96,2,3.96,0.5,1,False,-1.0,1
MS_early,Bournemouth,N. Forest,9,1.83,4.08,1,1.83,0.5,1,True,0.8300000000000001,1
MS_early,Fulham,Bournemouth,11,1.84,3.63,2,3.63,0.5,X,False,-1.0,1
MS_early,Leeds,Newcastle,12,7.75,1.35,1,7.75,0.448,2,False,-1.0,1
FS,Sunderland,A. Villa,34,6.27,1.5,1,6.27,1.094,2,False,-1.0,2
FS,Manchester Blue,London Blues,34,1.32,7.76,2,7.76,0.65,1,False,-1.0,1
FS,Burnley,Newcastle,34,4.17,1.77,1,4.17,0.44,2,False,-1.0,1
FS,A. Villa,London Blues,36,1.65,4.48,2,4.48,0.65,2,True,3.4800000000000004,1
FS,Sunderland,Manchester Red,36,6.34,1.5,1,6.34,1.094,X,False,-1.0,2
FS,Brighton,Sunderland,37,1.51,5.52,2,5.52,0.55,1,False,-1.0,1
FS,Wolverhampton,Manchester Blue,37,5.56,1.58,1,5.56,0.544,X,False,-1.0,1
FS,Spurs,Leeds,37,1.33,8.26,1,1.33,1.0,1,True,0.33000000000000007,1
FS,N. Forest,C. Palace,37,2.04,3.69,2,3.69,1.0,1,False,-1.0,1
FS,Everton,London Blues,37,2.54,2.75,2,2.75,0.65,2,True,1.75,1
DS,Fulham,Brighton,1,2.2,2.76,1,2.2,0.306,1,True,1.2000000000000002,1
DS,Bournemouth,Burnley,1,1.71,4.47,2,4.47,0.472,X,False,-1.0,1
DS,Newcastle,London Blues,1,1.44,6.31,2,6.31,0.8,2,True,5.31,1
DS,Sunderland,C. Palace,3,6.11,1.56,2,1.56,1.0,2,True,0.56,1
DS,West Ham,London Blues,3,2.54,2.51,1,2.54,1.6560000000000001,1,True,1.54,2
DS,Manchester Red,Bournemouth,3,1.62,4.75,2,4.75,0.472,1,False,-1.0,1
DS,London Blues,Sunderland,2,1.43,6.68,1,1.43,0.8,2,False,-1.0,1
DS,C. Palace,Newcastle,2,2.52,2.51,1,2.52,0.656,2,False,-1.0,1
DS,Burnley,London Reds,2,10.27,1.31,2,1.31,0.52,2,True,0.31000000000000005,1
DS,West Ham,N. Forest,2,1.81,3.9,1,1.81,0.746,1,True,0.81,1
MS_early,Spurs,Bournemouth,5,1.63,4.19,2,4.19,0.5,1,False,-1.0,1
MS_early,Bournemouth,Manchester Blue,6,5.08,1.7,1,5.08,0.948,1,True,4.08,2
MS_early,Sunderland,Manchester Red,7,5.87,1.56,1,5.87,0.448,2,False,-1.0,1
MS_early,Liverpool,Bournemouth,7,1.24,10.23,2,10.23,0.5,X,False,-1.0,1
MS_early,Burnley,C. Palace,8,3.15,2.31,1,3.15,0.48,2,False,-1.0,1
MS_early,Everton,Brentford,8,2.78,2.68,1,2.78,0.48,1,True,1.7799999999999998,1
MS_early,Bournemouth,Brighton,8,2.52,2.57,1,2.52,0.34199999999999997,X,False,-1.0,1
MS_early,Sunderland,Spurs,9,7.43,1.35,1,7.43,0.448,X,False,-1.0,1
MS_early,Brentford,Bournemouth,9,1.73,3.83,2,3.83,0.5,2,True,2.83,1
MS_early,Sunderland,Manchester Blue,10,18.89,1.14,1,18.89,0.448,2,False,-1.0,1
MS_early,Wolverhampton,Brighton,10,2.8,2.26,1,2.8,0.48,X,False,-1.0,1
MS_early,N. Forest,Bournemouth,11,1.8,3.95,2,3.95,0.5,1,False,-1.0,1
MS_late,Sunderland,Fulham,27,6.89,1.46,2,1.46,0.496,2,True,0.45999999999999996,1
FS,Spurs,Leeds,34,1.32,8.38,1,1.32,1.0,1,True,0.32000000000000006,1
FS,Sunderland,Bournemouth,34,5.4,1.54,1,5.4,1.094,1,True,4.4,2
FS,London Blues,Brentford,34,1.87,3.97,1,1.87,0.65,1,True,0.8700000000000001,1
FS,Brighton,C. Palace,34,1.82,4.13,2,4.13,1.0,2,True,3.13,1
FS,London Reds,Sunderland,35,1.23,10.65,2,10.65,0.55,2,True,9.65,1
FS,Brentford,C. Palace,35,1.86,3.74,2,3.74,1.0,1,False,-1.0,1
FS,Everton,London Blues,35,2.64,2.7,2,2.7,0.65,2,True,1.7000000000000002,1
FS,C. Palace,Everton,36,1.82,4.57,1,1.82,1.0,1,True,0.8200000000000001,1
FS,Spurs,Fulham,36,1.9,3.48,1,1.9,1.0,X,False,-1.0,1
FS,West Ham,London Reds,36,5.87,1.54,1,5.87,0.544,X,False,-1.0,1
FS,Sunderland,Wolverhampton,36,4.34,1.78,1,4.34,0.99,1,True,3.34,2
FS,Newcastle,Sunderland,37,1.24,10.53,2,10.53,0.55,1,False,-1.0,1
FS,London Reds,London Blues,37,1.39,6.81,2,6.81,0.65,1,False,-1.0,1
FS,Burnley,Brentford,37,3.61,2.05,1,3.61,0.44,2,False,-1.0,1
FS,Fulham,Manchester Blue,37,4.36,1.73,1,4.36,0.44,1,True,3.3600000000000003,1
FS,Bournemouth,C. Palace,37,2.28,3.25,2,3.25,1.0,1,False,-1.0,1
FS,N. Forest,Spurs,37,2.2,2.9,2,2.9,1.0,X,False,-1.0,1
DS,Wolverhampton,Sunderland,1,1.88,3.76,2,3.76,0.472,2,True,2.76,1
DS,Everton,London Blues,1,2.55,2.75,2,2.75,0.8,1,False,-1.0,1
DS,N. Forest,C. Palace,1,2.07,3.62,2,3.62,0.472,X,False,-1.0,1
DS,Brighton,A. Villa,1,1.78,4.08,2,4.08,0.472,1,False,-1.0,1
DS,C. Palace,Manchester Blue,3,4.35,1.79,2,1.79,1.0,X,False,-1.0,1
DS,Brentford,Wolverhampton,3,1.54,4.97,2,4.97,0.472,2,True,3.9699999999999998,1
DS,Fulham,London Blues,3,2.2,2.95,2,2.95,0.8,1,False,-1.0,1
DS,Spurs,A. Villa,3,1.81,3.73,2,3.73,0.472,1,False,-1.0,1
DS,Leeds,Bournemouth,3,4.65,1.63,2,1.63,1.0,2,True,0.6299999999999999,1
MS_early,Bournemouth,N. Forest,4,1.91,3.86,1,1.91,0.5,1,True,0.9099999999999999,1
MS_early,Sunderland,Everton,4,5.2,1.73,1,5.2,0.448,X,False,-1.0,1
MS_early,Leeds,London Reds,7,18.46,1.15,1,18.46,0.448,2,False,-1.0,1
MS_early,West Ham,Bournemouth,7,1.99,3.22,2,3.22,0.5,2,True,2.22,1
MS_early,Bournemouth,Fulham,8,2.51,2.77,1,2.51,0.34199999999999997,2,False,-1.0,1
MS_early,C. Palace,London Reds,9,5.17,1.65,1,5.17,0.448,2,False,-1.0,1
MS_early,Leeds,London Blues,10,5.86,1.51,1,5.86,0.448,X,False,-1.0,1
MS_early,Wolverhampton,Bournemouth,10,2.1,3.12,2,3.12,0.5,1,False,-1.0,1
MS_early,Sunderland,Brentford,11,7.65,1.42,1,7.65,0.448,X,False,-1.0,1
MS_early,Bournemouth,Liverpool,11,3.57,1.96,1,3.57,0.5,1,True,2.57,1
MS_early,Wolverhampton,Fulham,12,2.74,2.48,1,2.74,0.48,1,True,1.7400000000000002,1
MS_late,Sunderland,Brighton,29,7.61,1.35,2,1.35,0.496,2,True,0.3500000000000001,1
DS,Newcastle,Liverpool,1,1.81,3.72,2,3.72,0.472,2,True,2.72,1
DS,C. Palace,West Ham,1,1.77,4.15,2,4.15,1.472,1,False,-1.0,2
DS,N. Forest,Newcastle,2,2.52,2.59,1,2.52,0.656,1,True,1.52,1
DS,Spurs,London Blues,2,1.89,3.4,2,3.4,0.8,1,False,-1.0,1
DS,West Ham,Manchester Red,2,2.25,3.01,1,2.25,1.6560000000000001,1,True,1.25,2
DS,Brighton,Bournemouth,2,1.65,4.39,2,4.39,0.472,1,False,-1.0,1
DS,Fulham,West Ham,3,1.77,4.01,2,4.01,1.472,X,False,-1.0,2
DS,Brentford,C. Palace,3,1.9,3.62,2,3.62,0.472,2,True,2.62,1
DS,Leeds,Brighton,3,6.69,1.4,2,1.4,0.52,2,True,0.3999999999999999,1
DS,Burnley,Sunderland,3,2.39,2.84,1,2.39,0.656,1,True,1.3900000000000001,1
DS,London Blues,Everton,3,1.61,5.85,1,1.61,0.8,1,True,0.6100000000000001,1
DS,Bournemouth,Spurs,3,2.45,2.62,1,2.45,0.656,2,False,-1.0,1
MS_early,Wolverhampton,London Reds,5,6.75,1.48,1,6.75,0.448,1,True,5.75,1
MS_early,Everton,Bournemouth,4,2.17,3.22,2,3.22,0.5,X,False,-1.0,1
MS_early,Sunderland,C. Palace,7,6.46,1.52,1,6.46,0.448,X,False,-1.0,1
MS_early,Sunderland,Manchester Blue,11,19.46,1.14,1,19.46,0.448,2,False,-1.0,1
DS,West Ham,Burnley,2,1.74,3.98,1,1.74,1.0,X,False,-1.0,1
DS,Bournemouth,A. Villa,1,2.28,3.11,1,2.28,0.656,1,True,1.2799999999999998,1
DS,Newcastle,West Ham,1,1.29,8.9,2,8.9,1.0,1,False,-1.0,1
DS,London Blues,London Reds,1,3.55,2.06,1,3.55,0.49000000000000005,1,True,2.55,1
DS,Bournemouth,London Reds,3,5.93,1.61,2,1.61,1.0,2,True,0.6100000000000001,1
DS,London Blues,Newcastle,3,1.98,3.38,1,1.98,0.546,1,True,0.98,1
DS,Burnley,Liverpool,3,5.32,1.57,2,1.57,1.0,2,True,0.5700000000000001,1
MS_early,Burnley,A. Villa,8,3.18,2.22,1,3.18,0.48,1,True,2.18,1
MS_early,Burnley,Bournemouth,6,2.76,2.37,2,2.37,0.5,X,False,-1.0,1
MS_early,Leeds,Bournemouth,11,4.43,1.67,2,1.67,0.5,1,False,-1.0,1
MS_early,C. Palace,Bournemouth,9,1.88,3.61,2,3.61,0.5,1,False,-1.0,1
MS_early,Sunderland,Brighton,9,7.83,1.33,1,7.83,0.448,2,False,-1.0,1
MS_early,Brentford,Liverpool,9,2.79,2.16,1,2.79,0.48,X,False,-1.0,1
MS_early,Wolverhampton,London Reds,12,6.91,1.47,1,6.91,0.448,1,True,5.91,1
FS,Leeds,Newcastle,36,7.59,1.36,1,7.59,0.544,2,False,-1.0,1
FS,C. Palace,N. Forest,36,1.67,4.65,1,1.67,1.0,1,True,0.6699999999999999,1
FS,Leeds,London Reds,34,19.96,1.14,1,19.96,0.544,X,False,-1.0,1
FS,Manchester Red,London Blues,34,1.94,3.63,2,3.63,0.65,X,False,-1.0,1
MS_late,Sunderland,London Blues,33,7.03,1.42,2,1.42,0.496,2,True,0.41999999999999993,1
DS,Brentford,N. Forest,2,1.62,4.54,2,4.54,0.472,1,False,-1.0,1
DS,Spurs,London Reds,1,4.31,1.72,2,1.72,1.0,2,True,0.72,1
DS,West Ham,London Reds,3,5.93,1.54,1,5.93,1.0,X,False,-1.0,1
DS,Bournemouth,Sunderland,3,1.84,4.09,2,4.09,0.472,2,True,3.09,1
DS,Wolverhampton,A. Villa,3,2.41,2.82,1,2.41,0.656,2,False,-1.0,1
DS,N. Forest,Newcastle,3,2.49,2.62,1,2.49,0.656,1,True,1.4900000000000002,1
MS_early,Bournemouth,N. Forest,6,1.83,4.08,1,1.83,0.5,1,True,0.8300000000000001,1
MS_early,London Blues,Manchester Blue,6,3.17,2.19,1,3.17,0.48,1,True,2.17,1
MS_early,A. Villa,Bournemouth,11,1.46,5.67,2,5.67,0.5,2,True,4.67,1
MS_early,Sunderland,Liverpool,12,12.13,1.21,1,12.13,0.448,X,False,-1.0,1
MS_early,Burnley,London Reds,12,10.03,1.32,1,10.03,0.448,2,False,-1.0,1
FS,Manchester Blue,Sunderland,35,1.17,13.37,2,13.37,0.55,1,False,-1.0,1
FS,Sunderland,Brentford,34,7.47,1.42,1,7.47,1.094,2,False,-1.0,2
MS_late,Leeds,Spurs,33,6.16,1.43,2,1.43,0.496,2,True,0.42999999999999994,1
DS,N. Forest,Brighton,1,2.22,2.88,1,2.22,0.656,1,True,1.2200000000000002,1
DS,Everton,Wolverhampton,3,1.87,4.24,2,4.24,0.472,2,True,3.24,1
DS,Fulham,Everton,2,1.85,4.21,2,4.21,0.472,2,True,3.21,1
DS,Bournemouth,London Reds,2,5.75,1.62,2,1.62,1.0,2,True,0.6200000000000001,1
DS,Sunderland,N. Forest,2,4.31,1.76,2,1.76,1.0,2,True,0.76,1
MS_early,Bournemouth,West Ham,7,1.95,3.79,1,1.95,0.5,2,False,-1.0,1
MS_early,C. Palace,Bournemouth,6,1.9,3.56,2,3.56,0.5,1,False,-1.0,1
MS_early,Manchester Red,Bournemouth,5,1.7,4.32,2,4.32,0.5,1,False,-1.0,1
MS_early,Leeds,Bournemouth,8,4.47,1.67,2,1.67,0.5,2,True,0.6699999999999999,1
MS_early,Everton,Manchester Blue,8,5.08,1.73,1,5.08,0.448,2,False,-1.0,1
MS_early,Bournemouth,Newcastle,11,2.96,2.27,1,2.96,0.98,1,True,1.96,2
FS,Leeds,Spurs,35,6.45,1.41,2,1.41,1.528,X,False,-1.0,2
MS_late,Leeds,Newcastle,33,7.57,1.35,2,1.35,0.496,1,False,-1.0,1
DS,Burnley,Liverpool,2,5.37,1.55,2,1.55,1.0,2,True,0.55,1
DS,Brighton,Bournemouth,1,1.66,4.39,2,4.39,0.472,1,False,-1.0,1
DS,Wolverhampton,London Blues,1,2.57,2.56,2,2.56,0.8,2,True,1.56,1
DS,C. Palace,Everton,1,1.9,4.33,2,4.33,0.472,2,True,3.33,1
DS,West Ham,A. Villa,3,2.34,2.84,1,2.34,1.6560000000000001,X,False,-1.0,2
DS,N. Forest,Wolverhampton,3,1.66,4.88,2,4.88,0.472,2,True,3.88,1
DS,Fulham,Burnley,3,1.57,4.78,2,4.78,0.472,1,False,-1.0,1
DS,Sunderland,London Blues,3,7.01,1.42,2,1.42,1.32,2,True,0.41999999999999993,2
FS,Fulham,London Reds,36,5.53,1.57,1,5.53,0.544,1,True,4.53,1
FS,Sunderland,Manchester Blue,34,18.71,1.15,1,18.71,1.094,2,False,-1.0,2
FS,A. Villa,London Blues,34,1.63,4.59,2,4.59,0.65,1,False,-1.0,1
DS,Sunderland,Newcastle,3,9.14,1.3,2,1.3,0.52,2,True,0.30000000000000004,1
DS,Brentford,Everton,3,1.69,4.61,2,4.61,0.472,1,False,-1.0,1
DS,West Ham,Leeds,3,1.56,5.85,1,1.56,1.0,1,True,0.56,1
DS,West Ham,Sunderland,1,1.78,3.98,1,1.78,1.0,1,True,0.78,1
DS,Wolverhampton,Everton,1,2.09,3.73,2,3.73,0.472,X,False,-1.0,1
DS,Liverpool,London Reds,1,2.27,3.04,1,2.27,0.656,2,False,-1.0,1
DS,Brighton,Manchester Red,1,1.81,4.07,2,4.07,0.472,2,True,3.0700000000000003,1
MS_early,Brentford,Bournemouth,6,1.7,3.96,2,3.96,0.5,2,True,2.96,1
MS_early,Burnley,Liverpool,6,5.6,1.54,1,5.6,0.448,2,False,-1.0,1
MS_early,A. Villa,Manchester Blue,9,2.92,2.25,1,2.92,0.48,1,True,1.92,1
MS_early,Sunderland,C. Palace,9,6.19,1.55,1,6.19,0.448,1,True,5.19,1
MS_early,Leeds,Brentford,9,6.2,1.5,1,6.2,0.448,2,False,-1.0,1
MS_early,Sunderland,A. Villa,12,5.99,1.54,1,5.99,0.448,X,False,-1.0,1
MS_early,Bournemouth,Manchester Red,12,2.3,3.12,1,2.3,0.34199999999999997,X,False,-1.0,1
MS_late,Sunderland,Brentford,27,7.6,1.41,2,1.41,0.496,2,True,0.4099999999999999,1
MS_late,Leeds,Brighton,27,6.06,1.44,2,1.44,0.496,2,True,0.43999999999999995,1
DS,West Ham,Bournemouth,2,2.06,3.09,1,2.06,0.746,1,True,1.06,1
DS,Bournemouth,London Reds,1,5.77,1.63,2,1.63,1.0,2,True,0.6299999999999999,1
DS,Burnley,Wolverhampton,1,2.5,2.71,1,2.5,0.656,1,True,1.5,1
MS_early,Leeds,Brighton,5,6.27,1.43,1,6.27,0.448,X,False,-1.0,1
MS_early,Sunderland,Manchester Blue,5,17.66,1.16,1,17.66,0.448,2,False,-1.0,1
MS_early,Sunderland,Leeds,10,3.13,2.34,1,3.13,0.48,2,False,-1.0,1
MS_early,Burnley,Liverpool,8,5.47,1.56,1,5.47,0.448,X,False,-1.0,1
MS_early,A. Villa,Bournemouth,8,1.45,5.66,2,5.66,0.5,2,True,4.66,1
MS_early,Sunderland,Brentford,8,7.23,1.44,1,7.23,0.448,X,False,-1.0,1
FS,London Blues,N. Forest,34,1.44,6.63,1,1.44,0.65,1,True,0.43999999999999995,1
FS,London Blues,Liverpool,37,2.27,2.8,1,2.27,0.396,2,False,-1.0,1
FS,N. Forest,Sunderland,35,1.66,4.87,2,4.87,0.55,X,False,-1.0,1
FS,London Blues,A. Villa,35,1.64,4.96,1,1.64,0.65,2,False,-1.0,1
FS,Spurs,West Ham,35,1.6,4.58,1,1.6,1.0,1,True,0.6000000000000001,1
DS,West Ham,A. Villa,1,2.27,2.96,1,2.27,1.6560000000000001,1,True,1.27,2
DS,N. Forest,Newcastle,1,2.55,2.53,1,2.55,0.656,2,False,-1.0,1
MS_early,Bournemouth,Wolverhampton,4,1.9,3.91,1,1.9,0.5,2,False,-1.0,1
FS,C. Palace,Brentford,34,2.37,2.89,1,2.37,0.746,1,True,1.37,1
FS,West Ham,London Reds,34,5.96,1.54,1,5.96,0.544,X,False,-1.0,1
DS,A. Villa,Spurs,1,1.66,4.17,2,4.17,0.472,2,True,3.17,1
DS,London Blues,Brighton,3,1.8,3.78,1,1.8,0.546,X,False,-1.0,1
MS_early,Burnley,C. Palace,7,3.35,2.22,1,3.35,0.48,2,False,-1.0,1
MS_early,Leeds,Burnley,6,3.26,2.01,1,3.26,0.48,X,False,-1.0,1
MS_early,C. Palace,Liverpool,6,3.06,2.11,1,3.06,0.48,X,False,-1.0,1
MS_early,Sunderland,Manchester Blue,6,18.15,1.15,1,18.15,0.448,2,False,-1.0,1
DS,Sunderland,Newcastle,1,8.96,1.31,2,1.31,0.52,1,False,-1.0,1
MS_early,Sunderland,Brighton,4,7.84,1.34,1,7.84,0.448,1,True,6.84,1
DS,West Ham,London Blues,2,2.46,2.64,1,2.46,1.6560000000000001,1,True,1.46,2
MS_early,Leeds,Brighton,8,6.74,1.39,1,6.74,0.448,2,False,-1.0,1
MS_early,Manchester Red,Bournemouth,8,1.63,4.62,2,4.62,0.5,2,True,3.62,1
MS_early,Bournemouth,Leeds,7,1.58,6.23,1,1.58,0.5,1,True,0.5800000000000001,1
MS_early,Bournemouth,Brentford,5,2.6,2.74,1,2.6,0.34199999999999997,X,False,-1.0,1
MS_early,Wolverhampton,Bournemouth,11,2.09,3.15,2,3.15,0.5,1,False,-1.0,1
MS_early,Sunderland,Liverpool,11,12.58,1.2,1,12.58,0.448,2,False,-1.0,1
MS_late,Burnley,Manchester Blue,31,8.55,1.37,2,1.37,0.496,2,True,0.3700000000000001,1
MS_late,Sunderland,Fulham,31,7.1,1.44,2,1.44,0.496,1,False,-1.0,1
FS,A. Villa,Sunderland,37,1.37,7.12,2,7.12,0.55,1,False,-1.0,1
FS,Brentford,C. Palace,37,1.88,3.7,2,3.7,1.0,1,False,-1.0,1
FS,London Blues,Bournemouth,37,1.54,5.25,1,1.54,0.65,X,False,-1.0,1
FS,Burnley,Brentford,36,3.64,2.03,1,3.64,0.44,X,False,-1.0,1
FS,Fulham,London Reds,34,5.36,1.59,1,5.36,0.544,1,True,4.36,1
MS_early,Wolverhampton,Manchester Blue,4,5.44,1.6,1,5.44,0.448,2,False,-1.0,1
DS,West Ham,Wolverhampton,1,1.79,4.04,1,1.79,1.0,X,False,-1.0,1
DS,London Blues,C. Palace,1,1.76,4.59,1,1.76,0.8,1,True,0.76,1
DS,Spurs,N. Forest,1,1.54,4.96,2,4.96,0.472,X,False,-1.0,1
MS_early,Manchester Blue,Bournemouth,8,1.24,9.38,2,9.38,0.5,1,False,-1.0,1
MS_late,Burnley,London Reds,33,10.32,1.32,2,1.32,0.496,2,True,0.32000000000000006,1
FS,N. Forest,C. Palace,36,2.06,3.64,2,3.64,1.0,1,False,-1.0,1
FS,Brentford,Spurs,36,2.06,2.91,2,2.91,1.0,1,False,-1.0,1
FS,Liverpool,London Blues,36,1.34,8.05,2,8.05,0.65,2,True,7.050000000000001,1
FS,Bournemouth,London Reds,36,5.92,1.6,1,5.92,0.544,X,False,-1.0,1
FS,Spurs,Bournemouth,35,1.7,3.94,1,1.7,1.0,1,True,0.7,1
DS,Wolverhampton,C. Palace,3,2.54,2.74,1,2.54,0.656,1,True,1.54,1
DS,Newcastle,London Blues,3,1.46,6.09,2,6.09,0.8,1,False,-1.0,1
DS,Leeds,West Ham,3,4.26,1.75,2,1.75,2.0,2,True,0.75,2
DS,Brentford,London Reds,3,4.81,1.63,2,1.63,1.0,2,True,0.6299999999999999,1
DS,Sunderland,Everton,1,4.83,1.79,2,1.79,1.0,2,True,0.79,1
DS,Bournemouth,Fulham,1,2.5,2.85,1,2.5,0.656,1,True,1.5,1
DS,Leeds,A. Villa,1,4.9,1.67,2,1.67,1.0,2,True,0.6699999999999999,1
DS,Manchester Blue,West Ham,1,1.21,11.11,2,11.11,1.0,X,False,-1.0,1
DS,Manchester Red,C. Palace,1,1.84,4.25,2,4.25,0.472,X,False,-1.0,1
MS_early,Wolverhampton,Brentford,7,2.84,2.44,1,2.84,0.48,2,False,-1.0,1
MS_early,Bournemouth,N. Forest,10,1.9,3.91,1,1.9,0.5,X,False,-1.0,1
MS_late,Leeds,Spurs,32,6.54,1.4,2,1.4,0.496,2,True,0.3999999999999999,1
FS,N. Forest,Manchester Blue,36,4.47,1.78,1,4.47,0.44,2,False,-1.0,1
FS,A. Villa,Spurs,36,1.71,3.87,2,3.87,1.0,X,False,-1.0,1
FS,Liverpool,Sunderland,36,1.18,13.87,2,13.87,0.55,1,False,-1.0,1
FS,Bournemouth,Sunderland,34,1.78,4.32,2,4.32,0.55,X,False,-1.0,1
DS,N. Forest,Bournemouth,1,1.84,3.8,2,3.8,0.472,1,False,-1.0,1
DS,Spurs,London Blues,1,1.94,3.25,2,3.25,0.8,2,True,2.25,1
DS,Sunderland,Manchester Red,1,6.12,1.54,2,1.54,1.0,2,True,0.54,1
DS,C. Palace,Brentford,1,2.35,2.9,1,2.35,0.656,1,True,1.35,1
DS,Fulham,London Reds,1,5.06,1.63,2,1.63,1.0,1,False,-1.0,1
DS,West Ham,Liverpool,1,3.48,1.89,1,3.48,1.0,1,True,2.48,1
DS,Bournemouth,Manchester Red,3,2.21,3.24,1,2.21,0.656,1,True,1.21,1
MS_early,Leeds,Manchester Red,6,5.3,1.61,1,5.3,0.448,2,False,-1.0,1
MS_early,Wolverhampton,Manchester Blue,9,5.51,1.58,1,5.51,0.448,2,False,-1.0,1
MS_early,Bournemouth,Wolverhampton,12,1.82,4.23,1,1.82,0.5,1,True,0.8200000000000001,1
FS,C. Palace,Everton,37,1.89,4.35,1,1.89,1.0,1,True,0.8899999999999999,1
FS,Everton,London Blues,36,2.55,2.79,2,2.79,0.65,X,False,-1.0,1
FS,Leeds,Everton,35,4.21,1.92,1,4.21,0.44,X,False,-1.0,1
FS,London Blues,Wolverhampton,35,1.44,6.57,1,1.44,0.65,2,False,-1.0,1
DS,Fulham,London Blues,1,2.26,2.87,2,2.87,0.8,X,False,-1.0,1
DS,Brentford,C. Palace,1,1.89,3.62,2,3.62,0.472,2,True,2.62,1
DS,London Reds,West Ham,1,1.28,9.02,2,9.02,1.0,X,False,-1.0,1
DS,Leeds,Newcastle,1,7.25,1.38,2,1.38,0.52,2,True,0.3799999999999999,1
MS_early,C. Palace,London Reds,7,5.37,1.63,1,5.37,0.448,2,False,-1.0,1
MS_early,Bournemouth,Manchester Blue,7,4.79,1.74,1,4.79,0.5,X,False,-1.0,1
MS_early,Liverpool,Bournemouth,10,1.24,9.81,2,9.81,0.5,1,False,-1.0,1
MS_early,Sunderland,Newcastle,10,9.0,1.31,1,9.0,0.448,2,False,-1.0,1
MS_early,Bournemouth,Sunderland,9,1.8,4.16,1,1.8,0.5,1,True,0.8,1
FS,London Blues,London Reds,36,3.68,1.98,1,3.68,1.09,2,False,-1.0,2
FS,C. Palace,Spurs,34,2.16,2.92,1,2.16,1.0,1,True,1.1600000000000001,1
FS,Leeds,Brighton,34,6.31,1.43,1,6.31,0.544,1,True,5.31,1
FS,Fulham,Manchester Blue,34,4.25,1.76,1,4.25,0.44,2,False,-1.0,1
FS,London Blues,Everton,34,1.57,6.2,1,1.57,0.65,1,True,0.5700000000000001,1
DS,Everton,West Ham,1,2.0,3.76,2,3.76,1.472,1,False,-1.0,2
DS,Wolverhampton,Brighton,1,2.62,2.4,1,2.62,0.656,2,False,-1.0,1
DS,A. Villa,London Blues,1,1.67,4.39,2,4.39,1.272,1,False,-1.0,2
DS,Wolverhampton,Sunderland,3,1.94,3.61,2,3.61,0.472,1,False,-1.0,1
DS,London Blues,West Ham,3,1.49,6.05,2,6.05,1.0,1,False,-1.0,1
DS,Everton,N. Forest,3,1.96,3.87,2,3.87,0.472,2,True,2.87,1
DS,Spurs,London Reds,3,4.43,1.68,2,1.68,1.0,X,False,-1.0,1
MS_early,Leeds,Brighton,6,5.96,1.45,1,5.96,0.448,1,True,4.96,1
MS_early,Sunderland,Brentford,6,7.05,1.45,1,7.05,0.448,1,True,6.05,1
MS_early,Bournemouth,Burnley,6,1.67,4.6,1,1.67,0.5,1,True,0.6699999999999999,1
MS_early,Leeds,Liverpool,9,9.68,1.27,1,9.68,0.448,2,False,-1.0,1
MS_early,N. Forest,London Reds,9,5.1,1.69,1,5.1,0.448,1,True,4.1,1
MS_early,Bournemouth,Manchester Red,9,2.22,3.28,1,2.22,0.34199999999999997,1,True,1.2200000000000002,1
MS_early,C. Palace,Bournemouth,12,1.81,3.87,2,3.87,0.5,1,False,-1.0,1
MS_early,Fulham,Liverpool,12,3.08,2.04,1,3.08,0.48,1,True,2.08,1
DS,Manchester Red,West Ham,3,1.63,5.01,2,5.01,1.0,1,False,-1.0,1
MS_early,Everton,London Reds,7,5.9,1.65,1,5.9,0.448,X,False,-1.0,1
MS_early,Leeds,Manchester Blue,7,15.34,1.18,1,15.34,0.448,1,True,14.34,1
MS_early,Everton,Bournemouth,10,2.13,3.27,2,3.27,0.5,X,False,-1.0,1
MS_early,Burnley,London Blues,10,3.47,2.04,1,3.47,0.48,1,True,2.47,1
MS_early,Fulham,Liverpool,10,3.09,2.04,1,3.09,0.48,X,False,-1.0,1
FS,Spurs,Manchester Blue,36,3.83,1.8,1,3.83,1.44,X,False,-1.0,2
DS,London Blues,West Ham,1,1.5,5.87,2,5.87,1.0,1,False,-1.0,1
DS,Bournemouth,Brighton,3,2.56,2.52,1,2.56,0.656,1,True,1.56,1
MS_early,Sunderland,Manchester Red,5,6.19,1.52,1,6.19,0.448,X,False,-1.0,1
MS_early,Brentford,Bournemouth,10,1.64,4.19,2,4.19,0.5,X,False,-1.0,1
MS_early,Everton,Manchester Blue,10,5.27,1.71,1,5.27,0.448,1,True,4.27,1
MS_late,Sunderland,Spurs,28,7.56,1.35,2,1.35,0.496,2,True,0.3500000000000001,1
FS,Sunderland,London Blues,34,7.49,1.4,2,1.4,1.178,2,True,0.3999999999999999,2
FS,Spurs,Wolverhampton,34,1.49,5.39,1,1.49,1.0,1,True,0.49,1
FS,N. Forest,C. Palace,34,2.04,3.63,2,3.63,1.0,1,False,-1.0,1
DS,Everton,N. Forest,1,1.92,4.01,2,4.01,0.472,2,True,3.01,1
DS,Brentford,Sunderland,1,1.55,4.89,2,4.89,0.472,1,False,-1.0,1
DS,C. Palace,Sunderland,3,1.68,4.52,2,4.52,0.472,1,False,-1.0,1
MS_early,C. Palace,Bournemouth,8,1.88,3.63,2,3.63,0.5,1,False,-1.0,1
FS,Burnley,Brighton,34,3.78,1.84,1,3.78,0.44,X,False,-1.0,1
FS,Sunderland,Wolverhampton,37,4.27,1.78,1,4.27,0.99,2,False,-1.0,2
FS,Newcastle,Spurs,37,1.47,5.6,2,5.6,1.0,1,False,-1.0,1
DS,London Blues,Liverpool,1,2.25,2.8,1,2.25,1.456,2,False,-1.0,2
DS,West Ham,Fulham,1,2.44,2.69,1,2.44,1.6560000000000001,1,True,1.44,2
DS,Bournemouth,Spurs,1,2.51,2.55,1,2.51,0.656,X,False,-1.0,1
MS_early,Burnley,London Reds,6,9.63,1.34,1,9.63,0.448,X,False,-1.0,1
MS_early,Leeds,C. Palace,6,5.1,1.66,1,5.1,0.448,1,True,4.1,1
MS_early,Burnley,London Blues,9,3.49,2.03,1,3.49,0.48,2,False,-1.0,1
FS,Sunderland,Spurs,35,7.87,1.33,2,1.33,1.528,2,True,0.33000000000000007,2
FS,Fulham,Sunderland,34,1.63,4.66,2,4.66,0.55,1,False,-1.0,1
FS,Spurs,Burnley,34,1.42,5.77,1,1.42,1.0,1,True,0.41999999999999993,1
FS,West Ham,London Blues,34,2.35,2.72,2,2.72,0.65,X,False,-1.0,1
DS,C. Palace,N. Forest,1,1.71,4.48,2,4.48,0.472,2,True,3.4800000000000004,1
DS,Wolverhampton,Burnley,1,1.77,4.0,2,4.0,0.472,1,False,-1.0,1
DS,West Ham,Sunderland,3,1.83,3.83,1,1.83,0.746,1,True,0.8300000000000001,1
DS,C. Palace,London Blues,3,2.18,3.1,2,3.1,0.8,X,False,-1.0,1
MS_early,Sunderland,Fulham,6,7.35,1.43,1,7.35,0.448,2,False,-1.0,1
MS_early,Bournemouth,Leeds,6,1.54,6.6,1,1.54,0.5,X,False,-1.0,1
MS_early,Fulham,London Reds,12,5.39,1.57,1,5.39,0.448,2,False,-1.0,1
DS,Brentford,Bournemouth,2,1.7,3.96,2,3.96,0.472,1,False,-1.0,1
DS,N. Forest,London Blues,2,2.18,3.09,2,3.09,0.8,X,False,-1.0,1
DS,Fulham,West Ham,2,1.8,3.92,2,3.92,1.472,1,False,-1.0,2
DS,C. Palace,Burnley,2,1.59,4.93,2,4.93,0.472,1,False,-1.0,1
MS_early,Sunderland,London Blues,7,7.2,1.41,1,7.2,0.448,X,False,-1.0,1
MS_early,Bournemouth,Manchester Red,5,2.27,3.16,1,2.27,0.34199999999999997,1,True,1.27,1
MS_early,A. Villa,Manchester Blue,5,2.96,2.21,1,2.96,0.48,2,False,-1.0,1
MS_early,Fulham,Liverpool,5,3.04,2.08,1,3.04,0.48,1,True,2.04,1
MS_early,Sunderland,C. Palace,5,6.22,1.55,1,6.22,0.448,2,False,-1.0,1
MS_early,Leeds,London Blues,11,5.96,1.49,1,5.96,0.448,2,False,-1.0,1
MS_early,Brighton,Bournemouth,11,1.64,4.45,2,4.45,0.5,1,False,-1.0,1
MS_early,Bournemouth,A. Villa,8,2.28,3.17,1,2.28,0.34199999999999997,1,True,1.2799999999999998,1
MS_early,Burnley,Fulham,8,3.36,2.13,1,3.36,0.48,X,False,-1.0,1
MS_early,Leeds,Spurs,8,6.21,1.43,1,6.21,0.448,2,False,-1.0,1
FS,London Blues,Fulham,37,1.73,4.48,1,1.73,0.65,1,True,0.73,1
FS,C. Palace,Fulham,35,2.16,3.19,1,2.16,1.0,1,True,1.1600000000000001,1
FS,Spurs,Everton,35,1.61,5.06,1,1.61,1.0,1,True,0.6100000000000001,1
DS,London Reds,Liverpool,1,1.75,3.88,2,3.88,0.472,2,True,2.88,1
MS_early,Wolverhampton,Brentford,4,2.72,2.53,1,2.72,0.48,1,True,1.7200000000000002,1
MS_early,Spurs,Bournemouth,7,1.63,4.22,2,4.22,0.5,2,True,3.2199999999999998,1
MS_early,Leeds,C. Palace,12,5.13,1.67,1,5.13,0.448,2,False,-1.0,1
MS_early,Bournemouth,London Reds,12,5.78,1.63,1,5.78,0.948,1,True,4.78,2
DS,Sunderland,Brighton,1,7.51,1.35,2,1.35,0.52,X,False,-1.0,1
DS,C. Palace,Newcastle,1,2.63,2.42,1,2.63,0.656,2,False,-1.0,1
DS,Brentford,Manchester Red,1,1.87,3.65,2,3.65,0.472,2,True,2.65,1
DS,Spurs,A. Villa,2,1.79,3.84,2,3.84,0.472,X,False,-1.0,1
DS,Bournemouth,Sunderland,2,1.79,4.29,2,4.29,0.472,2,True,3.29,1
DS,Wolverhampton,Manchester Blue,2,5.53,1.59,2,1.59,1.0,1,False,-1.0,1
MS_early,Bournemouth,Liverpool,7,3.6,1.94,1,3.6,0.5,2,False,-1.0,1
MS_early,Everton,London Reds,10,6.0,1.64,1,6.0,0.448,1,True,5.0,1
MS_early,London Blues,Bournemouth,10,1.51,5.5,2,5.5,0.5,1,False,-1.0,1
DS,Fulham,Everton,1,1.83,4.24,2,4.24,0.472,2,True,3.24,1
DS,London Blues,Brentford,1,1.84,4.07,1,1.84,0.546,1,True,0.8400000000000001,1
DS,Liverpool,London Reds,3,2.29,3.02,1,2.29,0.656,2,False,-1.0,1
DS,Fulham,Manchester Blue,3,4.32,1.74,2,1.74,1.0,2,True,0.74,1
MS_early,Wolverhampton,Bournemouth,6,2.13,3.04,2,3.04,0.5,1,False,-1.0,1
FS,Leeds,C. Palace,35,4.9,1.69,2,1.69,0.5,X,False,-1.0,1
FS,Newcastle,Sunderland,35,1.23,10.73,2,10.73,0.55,X,False,-1.0,1
FS,London Blues,Manchester Red,35,1.68,4.77,1,1.68,0.65,1,True,0.6799999999999999,1
DS,Wolverhampton,Brighton,2,2.67,2.35,1,2.67,0.656,2,False,-1.0,1
DS,West Ham,London Reds,2,6.04,1.52,1,6.04,1.0,2,False,-1.0,1
DS,N. Forest,A. Villa,2,1.98,3.72,2,3.72,0.472,X,False,-1.0,1
DS,Bournemouth,Brentford,2,2.56,2.79,1,2.56,0.656,X,False,-1.0,1
MS_early,Brighton,Bournemouth,5,1.6,4.61,2,4.61,0.5,1,False,-1.0,1
MS_early,Burnley,Manchester Blue,5,7.76,1.42,1,7.76,0.448,2,False,-1.0,1
MS_early,London Reds,Bournemouth,10,1.29,8.28,2,8.28,0.5,X,False,-1.0,1
MS_early,Sunderland,Spurs,8,7.34,1.36,1,7.34,0.448,2,False,-1.0,1
FS,Spurs,C. Palace,34,1.82,3.81,1,1.82,1.0,1,True,0.8200000000000001,1
FS,Wolverhampton,Manchester Blue,34,5.52,1.6,1,5.52,0.544,2,False,-1.0,1
DS,Everton,Burnley,3,1.73,4.48,2,4.48,0.472,1,False,-1.0,1
MS_early,Bournemouth,West Ham,12,1.96,3.74,1,1.96,0.5,1,True,0.96,1
MS_early,Everton,Newcastle,12,3.12,2.24,1,3.12,0.48,2,False,-1.0,1
MS_late,Sunderland,Brentford,28,7.35,1.42,2,1.42,0.496,X,False,-1.0,1
FS,Burnley,Manchester Blue,34,8.17,1.4,1,8.17,0.544,2,False,-1.0,1
FS,Spurs,Manchester Red,34,1.77,3.92,1,1.77,1.0,X,False,-1.0,1
FS,London Reds,C. Palace,34,1.4,7.23,2,7.23,1.0,X,False,-1.0,1
MS_early,Burnley,A. Villa,7,3.37,2.14,1,3.37,0.48,X,False,-1.0,1
MS_early,Brentford,Bournemouth,7,1.75,3.74,2,3.74,0.5,X,False,-1.0,1
MS_late,Burnley,Manchester Blue,29,8.08,1.41,2,1.41,0.496,2,True,0.4099999999999999,1
FS,West Ham,Spurs,37,2.62,2.33,2,2.33,1.0,X,False,-1.0,1
FS,Sunderland,London Blues,37,7.44,1.4,2,1.4,1.178,2,True,0.3999999999999999,2
FS,Bournemouth,Manchester Blue,35,4.67,1.78,1,4.67,0.44,1,True,3.67,1
FS,C. Palace,Brentford,35,2.3,3.01,1,2.3,0.746,2,False,-1.0,1
FS,West Ham,London Reds,35,5.97,1.54,1,5.97,0.544,2,False,-1.0,1
MS_early,Manchester Red,Bournemouth,9,1.6,4.93,2,4.93,0.5,1,False,-1.0,1
MS_late,Leeds,Brighton,32,6.58,1.41,2,1.41,0.496,2,True,0.4099999999999999,1
MS_late,Sunderland,Spurs,30,7.72,1.34,2,1.34,0.496,2,True,0.3400000000000001,1
FS,C. Palace,Bournemouth,35,1.83,3.77,1,1.83,1.0,X,False,-1.0,1
FS,Brighton,Manchester Blue,35,3.85,1.88,1,3.85,0.44,X,False,-1.0,1
FS,London Blues,N. Forest,35,1.43,6.66,1,1.43,0.65,X,False,-1.0,1
FS,Wolverhampton,Liverpool,35,3.77,1.84,1,3.77,0.44,2,False,-1.0,1
FS,Bournemouth,London Reds,34,6.29,1.56,1,6.29,0.544,2,False,-1.0,1
FS,Sunderland,Brighton,34,7.66,1.35,1,7.66,1.094,X,False,-1.0,2
FS,Leeds,C. Palace,34,5.02,1.67,1,5.02,0.544,X,False,-1.0,1
DS,Brentford,Bournemouth,1,1.71,3.96,2,3.96,0.472,2,True,2.96,1
DS,West Ham,N. Forest,1,1.79,3.99,1,1.79,1.0,1,True,0.79,1
DS,London Reds,Newcastle,1,1.56,4.91,2,4.91,0.472,2,True,3.91,1
MS_early,Brighton,Bournemouth,4,1.64,4.44,2,4.44,0.5,1,False,-1.0,1
MS_early,Sunderland,London Blues,4,6.64,1.45,1,6.64,0.448,2,False,-1.0,1
MS_early,Fulham,Liverpool,4,3.11,2.04,1,3.11,0.48,2,False,-1.0,1
MS_early,Burnley,A. Villa,4,3.08,2.3,1,3.08,0.48,2,False,-1.0,1
DS,N. Forest,Sunderland,2,1.69,4.68,2,4.68,0.472,1,False,-1.0,1
DS,Wolverhampton,London Blues,2,2.55,2.6,2,2.6,0.8,X,False,-1.0,1
DS,Everton,A. Villa,2,2.47,2.98,1,2.47,0.656,2,False,-1.0,1
DS,West Ham,Manchester Blue,2,4.9,1.65,2,1.65,1.0,2,True,0.6499999999999999,1
DS,Fulham,London Reds,2,5.12,1.62,2,1.62,1.0,2,True,0.6200000000000001,1
MS_early,Burnley,A. Villa,4,3.26,2.18,1,3.26,0.48,2,False,-1.0,1
DS,Leeds,Brighton,3,6.48,1.41,2,1.41,0.52,X,False,-1.0,1
DS,C. Palace,Spurs,2,2.31,2.68,1,2.31,0.656,2,False,-1.0,1
MS_early,Everton,Manchester Blue,7,5.36,1.68,1,5.36,0.448,X,False,-1.0,1
MS_early,Bournemouth,C. Palace,5,2.32,3.19,1,2.32,0.34199999999999997,X,False,-1.0,1
MS_early,Manchester Red,Bournemouth,10,1.69,4.39,2,4.39,0.5,X,False,-1.0,1
MS_early,Bournemouth,London Reds,9,5.54,1.65,1,5.54,0.948,2,False,-1.0,2
MS_early,Sunderland,Bournemouth,8,5.33,1.54,2,1.54,0.5,2,True,0.54,1
MS_late,Leeds,Newcastle,32,7.35,1.36,2,1.36,0.496,2,True,0.3600000000000001,1
MS_early,C. Palace,London Reds,5,5.16,1.65,1,5.16,0.448,1,True,4.16,1
MS_early,Sunderland,Manchester Blue,12,19.07,1.15,1,19.07,0.448,2,False,-1.0,1
MS_early,Newcastle,Bournemouth,12,1.32,7.84,2,7.84,0.5,1,False,-1.0,1
MS_early,Leeds,Liverpool,12,8.87,1.29,1,8.87,0.448,1,True,7.869999999999999,1
MS_early,Bournemouth,A. Villa,11,2.3,3.13,1,2.3,0.34199999999999997,X,False,-1.0,1
MS_early,Bournemouth,C. Palace,9,2.3,3.19,1,2.3,0.34199999999999997,1,True,1.2999999999999998,1
MS_early,Burnley,Everton,6,2.83,2.74,1,2.83,0.48,X,False,-1.0,1
MS_early,Newcastle,London Reds,5,2.76,2.48,1,2.76,0.48,1,True,1.7599999999999998,1
MS_early,Wolverhampton,Newcastle,4,3.16,2.09,1,3.16,0.48,2,False,-1.0,1
MS_early,Spurs,Bournemouth,4,1.61,4.38,2,4.38,0.5,1,False,-1.0,1
DS,Everton,Brighton,3,2.68,2.49,1,2.68,0.656,2,False,-1.0,1
DS,A. Villa,Spurs,3,1.67,4.08,2,4.08,0.472,2,True,3.08,1
MS_early,Brentford,Liverpool,10,2.7,2.22,1,2.7,0.48,X,False,-1.0,1
MS_early,Sunderland,London Reds,10,22.47,1.12,1,22.47,0.448,2,False,-1.0,1
MS_early,Fulham,Bournemouth,8,1.84,3.58,2,3.58,0.5,1,False,-1.0,1
MS_early,Sunderland,London Blues,8,7.53,1.4,1,7.53,0.448,X,False,-1.0,1
MS_early,Leeds,Newcastle,8,7.55,1.36,1,7.55,0.448,X,False,-1.0,1
MS_early,A. Villa,London Reds,12,3.32,2.06,1,3.32,0.48,2,False,-1.0,1
MS_early,Leeds,Fulham,11,6.02,1.52,1,6.02,0.448,2,False,-1.0,1
MS_late,Leeds,Spurs,26,5.99,1.45,2,1.45,0.496,2,True,0.44999999999999996,1
MS_late,Sunderland,Brighton,30,7.58,1.35,2,1.35,0.496,2,True,0.3500000000000001,1
MS_late,Sunderland,Brentford,32,7.29,1.43,2,1.43,0.496,2,True,0.42999999999999994,1
FS,Sunderland,N. Forest,35,4.46,1.72,1,4.46,0.99,1,True,3.46,2
FS,Brighton,Spurs,35,1.95,3.23,2,3.23,1.0,X,False,-1.0,1
FS,Leeds,London Reds,35,19.56,1.14,1,19.56,0.544,2,False,-1.0,1
FS,Manchester Blue,London Blues,35,1.33,7.79,2,7.79,0.65,1,False,-1.0,1
FS,Newcastle,C. Palace,35,1.43,7.02,2,7.02,1.0,1,False,-1.0,1
FS,Bournemouth,Liverpool,34,3.71,1.91,1,3.71,0.44,1,True,2.71,1
FS,London Blues,Fulham,36,1.74,4.46,1,1.74,0.65,1,True,0.74,1
FS,West Ham,Manchester Blue,36,5.22,1.6,1,5.22,0.544,1,True,4.22,1
FS,Spurs,Liverpool,36,2.73,2.18,1,2.73,1.0,2,False,-1.0,1
FS,A. Villa,Sunderland,36,1.38,6.84,2,6.84,0.55,2,True,5.84,1
FS,Sunderland,N. Forest,35,4.48,1.74,1,4.48,0.99,1,True,3.4800000000000004,2
FS,Leeds,London Reds,35,19.88,1.14,1,19.88,0.544,2,False,-1.0,1
FS,Manchester Blue,London Blues,35,1.33,7.63,2,7.63,0.65,1,False,-1.0,1
FS,Sunderland,Newcastle,34,9.09,1.3,1,9.09,1.094,2,False,-1.0,2
FS,London Reds,Spurs,34,1.42,5.86,2,5.86,1.0,1,False,-1.0,1
FS,C. Palace,Fulham,34,2.17,3.14,1,2.17,1.0,1,True,1.17,1
FS,London Blues,Manchester Red,34,1.65,4.96,1,1.65,0.65,1,True,0.6499999999999999,1
DS,Bournemouth,Manchester Blue,3,4.74,1.74,2,1.74,1.0,2,True,0.74,1
DS,Burnley,Newcastle,3,4.31,1.73,2,1.73,1.0,2,True,0.73,1
DS,Leeds,Manchester Red,3,4.86,1.68,2,1.68,1.0,2,True,0.6799999999999999,1
DS,C. Palace,Everton,3,1.83,4.59,2,4.59,0.472,2,True,3.59,1
DS,Brentford,Sunderland,2,1.57,4.71,2,4.71,0.472,1,False,-1.0,1
DS,N. Forest,West Ham,2,1.81,4.13,2,4.13,1.472,X,False,-1.0,2
DS,A. Villa,London Blues,2,1.65,4.48,2,4.48,1.272,1,False,-1.0,2
DS,Spurs,Bournemouth,2,1.63,4.21,2,4.21,0.472,X,False,-1.0,1
DS,Burnley,N. Forest,1,2.46,2.76,1,2.46,0.656,1,True,1.46,1
DS,West Ham,Spurs,1,2.57,2.37,1,2.57,1.6560000000000001,1,True,1.5699999999999998,2
DS,London Blues,Everton,1,1.52,6.76,1,1.52,0.8,1,True,0.52,1
DS,Fulham,Manchester Blue,1,4.23,1.76,2,1.76,1.0,X,False,-1.0,1
MS_early,London Reds,Bournemouth,6,1.27,8.59,2,8.59,0.5,1,False,-1.0,1
MS_early,N. Forest,Bournemouth,4,1.86,3.73,2,3.73,0.5,X,False,-1.0,1
MS_early,Bournemouth,Everton,9,2.04,4.08,1,2.04,0.5,1,True,1.04,1
MS_early,Leeds,Burnley,9,3.27,1.99,1,3.27,0.48,1,True,2.27,1
MS_early,Sunderland,Manchester Blue,8,18.14,1.16,1,18.14,0.448,2,False,-1.0,1
MS_early,Burnley,Liverpool,12,5.47,1.55,1,5.47,0.448,2,False,-1.0,1
MS_early,Wolverhampton,Brentford,12,2.78,2.49,1,2.78,0.48,2,False,-1.0,1
MS_early,London Blues,Bournemouth,12,1.52,5.35,2,5.35,0.5,2,True,4.35,1
MS_early,Wolverhampton,London Reds,10,6.53,1.5,1,6.53,0.448,X,False,-1.0,1
MS_early,Burnley,Manchester Blue,10,7.93,1.4,1,7.93,0.448,2,False,-1.0,1
MS_early,Sunderland,Liverpool,10,12.09,1.21,1,12.09,0.448,2,False,-1.0,1
MS_late,Sunderland,Brighton,33,7.64,1.34,2,1.34,0.496,2,True,0.3400000000000001,1
FS,Spurs,Sunderland,36,1.49,5.28,1,1.49,1.0,1,True,0.49,1
FS,Manchester Blue,London Blues,36,1.33,7.76,2,7.76,0.65,1,False,-1.0,1
FS,Leeds,Wolverhampton,36,3.64,1.95,1,3.64,0.44,2,False,-1.0,1
FS,Fulham,C. Palace,36,2.14,3.19,2,3.19,1.0,1,False,-1.0,1
FS,Bournemouth,C. Palace,35,2.38,3.08,2,3.08,1.0,X,False,-1.0,1
FS,Sunderland,West Ham,35,4.95,1.64,1,4.95,0.99,1,True,3.95,2
FS,London Blues,Leeds,35,1.29,10.73,1,1.29,0.464,1,True,0.29000000000000004,1
FS,C. Palace,Wolverhampton,34,1.66,4.75,1,1.66,1.0,1,True,0.6599999999999999,1
FS,Fulham,London Blues,34,2.1,3.11,2,3.11,0.65,2,True,2.11,1
FS,Leeds,Brentford,34,6.42,1.48,1,6.42,0.544,2,False,-1.0,1
FS,Spurs,Everton,34,1.61,5.05,1,1.61,1.0,1,True,0.6100000000000001,1
DS,Fulham,Newcastle,2,2.6,2.41,1,2.6,0.306,2,False,-1.0,1
DS,London Reds,West Ham,2,1.26,9.52,2,9.52,1.0,1,False,-1.0,1
DS,N. Forest,Bournemouth,2,1.83,3.83,2,3.83,0.472,X,False,-1.0,1
DS,Manchester Blue,London Blues,1,1.33,7.6,2,7.6,0.8,2,True,6.6,1
DS,Bournemouth,West Ham,1,1.97,3.66,2,3.66,1.472,2,True,2.66,2
DS,C. Palace,Wolverhampton,1,1.64,4.91,2,4.91,0.472,1,False,-1.0,1
DS,Burnley,Liverpool,1,5.83,1.51,2,1.51,1.0,2,True,0.51,1
DS,Everton,Manchester Red,1,2.37,3.13,1,2.37,0.656,2,False,-1.0,1
MS_early,Sunderland,Brighton,5,7.46,1.36,1,7.46,0.448,2,False,-1.0,1
MS_early,Bournemouth,London Blues,5,2.44,2.82,1,2.44,0.34199999999999997,2,False,-1.0,1
MS_early,Wolverhampton,Bournemouth,4,2.19,2.93,2,2.93,0.5,2,True,1.9300000000000002,1
MS_early,Leeds,C. Palace,4,5.0,1.68,1,5.0,0.448,1,True,4.0,1
MS_early,Brighton,Manchester Blue,4,3.47,2.0,1,3.47,0.48,X,False,-1.0,1
MS_early,Everton,Newcastle,4,3.0,2.33,1,3.0,0.48,2,False,-1.0,1
MS_early,Sunderland,Brighton,5,7.34,1.36,1,7.34,0.448,2,False,-1.0,1
DS,Bournemouth,London Reds,3,5.71,1.63,2,1.63,1.0,2,True,0.6299999999999999,1
MS_early,Everton,London Reds,8,6.15,1.61,1,6.15,0.448,X,False,-1.0,1
MS_early,Leeds,Liverpool,8,10.02,1.26,1,10.02,0.448,2,False,-1.0,1
MS_early,Fulham,London Reds,6,5.1,1.61,1,5.1,0.448,2,False,-1.0,1
MS_early,Burnley,Manchester Blue,6,7.79,1.42,1,7.79,0.448,2,False,-1.0,1
MS_early,Liverpool,Bournemouth,6,1.24,10.12,2,10.12,0.5,1,False,-1.0,1
MS_early,Leeds,Bournemouth,10,4.39,1.68,2,1.68,0.5,X,False,-1.0,1
MS_early,C. Palace,London Reds,10,5.15,1.66,1,5.15,0.448,2,False,-1.0,1
MS_early,Wolverhampton,Newcastle,9,3.13,2.11,1,3.13,0.48,X,False,-1.0,1
MS_early,Bournemouth,A. Villa,7,2.28,3.17,1,2.28,0.34199999999999997,1,True,1.2799999999999998,1
MS_early,Leeds,Bournemouth,10,4.52,1.66,2,1.66,0.5,X,False,-1.0,1
MS_early,C. Palace,London Reds,10,5.38,1.62,1,5.38,0.448,2,False,-1.0,1
MS_early,Wolverhampton,Newcastle,9,3.0,2.19,1,3.0,0.48,X,False,-1.0,1
MS_early,Burnley,Fulham,12,3.48,2.09,1,3.48,0.48,2,False,-1.0,1
MS_early,Spurs,Bournemouth,12,1.66,4.13,2,4.13,0.5,X,False,-1.0,1
MS_early,Leeds,Spurs,11,6.28,1.42,1,6.28,0.448,2,False,-1.0,1
MS_early,Bournemouth,Brighton,11,2.52,2.57,1,2.52,0.34199999999999997,2,False,-1.0,1
MS_early,Burnley,Fulham,12,3.46,2.09,1,3.46,0.48,2,False,-1.0,1
MS_early,Spurs,Bournemouth,12,1.66,4.13,2,4.13,0.5,X,False,-1.0,1
MS_late,Leeds,Newcastle,31,7.31,1.37,2,1.37,0.496,2,True,0.3700000000000001,1
FS,Burnley,C. Palace,35,3.3,2.23,2,2.23,1.0,1,False,-1.0,1
FS,Manchester Red,London Blues,35,2.0,3.49,2,3.49,0.65,1,False,-1.0,1
FS,London Blues,Liverpool,34,2.36,2.7,1,2.36,0.396,1,True,1.3599999999999999,1
FS,Sunderland,Spurs,34,7.65,1.34,2,1.34,1.528,2,True,0.3400000000000001,2
FS,C. Palace,Everton,34,1.93,4.19,1,1.93,1.0,1,True,0.9299999999999999,1
DS,Brighton,A. Villa,2,1.84,3.92,2,3.92,0.472,2,True,2.92,1
DS,London Blues,West Ham,2,1.53,5.66,2,5.66,1.0,1,False,-1.0,1
DS,Bournemouth,Sunderland,1,1.8,4.26,2,4.26,0.472,2,True,3.26,1
DS,Burnley,Manchester Blue,1,8.16,1.39,2,1.39,0.52,2,True,0.3899999999999999,1
DS,Spurs,Everton,1,1.65,4.91,2,4.91,0.472,X,False,-1.0,1
DS,West Ham,Brighton,1,2.53,2.43,1,2.53,1.6560000000000001,X,False,-1.0,2
MS_late,Sunderland,Spurs,31,7.79,1.34,2,1.34,0.496,2,True,0.3400000000000001,1
FS,Wolverhampton,Sunderland,37,1.96,3.52,2,3.52,0.55,1,False,-1.0,1
FS,Burnley,London Blues,37,3.54,2.0,1,3.54,0.44,2,False,-1.0,1
FS,C. Palace,Fulham,37,2.2,3.1,1,2.2,0.746,X,False,-1.0,1
FS,C. Palace,Liverpool,35,2.98,2.16,1,2.98,1.0,1,True,1.98,1
FS,Brentford,Spurs,35,2.02,2.94,2,2.94,1.0,1,False,-1.0,1
FS,London Blues,Fulham,34,1.76,4.32,1,1.76,0.65,1,True,0.76,1
FS,Everton,Sunderland,34,1.9,4.0,2,4.0,0.55,1,False,-1.0,1
DS,Bournemouth,Everton,3,2.03,4.14,2,4.14,0.472,1,False,-1.0,1
DS,Brighton,A. Villa,3,1.76,4.17,2,4.17,0.472,1,False,-1.0,1
DS,Spurs,London Reds,2,4.52,1.66,2,1.66,1.0,2,True,0.6599999999999999,1
DS,Brentford,Newcastle,1,2.25,2.66,1,2.25,0.331,1,True,1.25,1
DS,West Ham,C. Palace,1,2.41,2.82,1,2.41,1.6560000000000001,1,True,1.4100000000000001,2
DS,London Reds,Manchester Blue,1,2.25,2.92,1,2.25,0.656,1,True,1.25,1
DS,London Blues,Sunderland,1,1.43,6.74,1,1.43,0.8,1,True,0.42999999999999994,1
MS_early,Manchester Blue,Bournemouth,4,1.22,10.39,2,10.39,0.5,1,False,-1.0,1
MS_early,N. Forest,London Reds,4,5.3,1.66,1,5.3,0.448,2,False,-1.0,1
MS_early,Wolverhampton,Spurs,10,2.75,2.29,1,2.75,0.48,2,False,-1.0,1
MS_early,Newcastle,London Reds,9,2.73,2.47,1,2.73,0.48,1,True,1.73,1
MS_early,Bournemouth,N. Forest,7,1.91,3.89,1,1.91,0.5,2,False,-1.0,1
FS,Leeds,Fulham,36,5.8,1.55,1,5.8,0.544,1,True,4.8,1
FS,C. Palace,Spurs,36,2.22,2.8,2,2.8,1.0,1,False,-1.0,1
FS,Everton,C. Palace,34,2.5,3.06,2,3.06,1.0,X,False,-1.0,1
FS,Leeds,Manchester Red,34,4.91,1.66,1,4.91,0.44,X,False,-1.0,1
DS,C. Palace,London Blues,2,2.21,3.01,2,3.01,0.8,1,False,-1.0,1
DS,A. Villa,West Ham,1,1.39,6.75,2,6.75,1.0,1,False,-1.0,1
DS,Wolverhampton,N. Forest,1,1.93,3.61,2,3.61,0.472,X,False,-1.0,1
MS_early,Leeds,Newcastle,4,7.65,1.36,1,7.65,0.448,2,False,-1.0,1
MS_early,Sunderland,Liverpool,4,12.26,1.21,1,12.26,0.448,2,False,-1.0,1
MS_early,Leeds,Brentford,10,6.31,1.49,1,6.31,0.448,2,False,-1.0,1
MS_early,Burnley,West Ham,10,2.73,2.48,1,2.73,0.48,2,False,-1.0,1
MS_early,A. Villa,Bournemouth,10,1.47,5.58,2,5.58,0.5,1,False,-1.0,1
MS_early,Bournemouth,Brentford,7,2.59,2.76,1,2.59,0.34199999999999997,2,False,-1.0,1
FS,N. Forest,C. Palace,35,2.05,3.65,2,3.65,1.0,2,True,2.65,1
DS,London Blues,Brentford,2,1.87,4.01,1,1.87,0.546,1,True,0.8700000000000001,1
DS,Everton,Sunderland,2,1.92,3.97,2,3.97,0.472,2,True,2.97,1
DS,Wolverhampton,Burnley,2,1.8,3.88,2,3.88,0.472,1,False,-1.0,1
DS,London Reds,Liverpool,2,1.7,4.06,2,4.06,0.472,X,False,-1.0,1
DS,Spurs,West Ham,2,1.6,4.63,2,4.63,1.472,1,False,-1.0,2
DS,Bournemouth,A. Villa,2,2.24,3.25,1,2.24,0.656,X,False,-1.0,1
DS,Burnley,London Blues,1,3.49,2.06,2,2.06,0.8,X,False,-1.0,1
DS,Wolverhampton,London Reds,1,6.28,1.53,2,1.53,1.0,2,True,0.53,1
DS,N. Forest,Everton,1,1.89,4.47,2,4.47,0.472,1,False,-1.0,1
DS,A. Villa,London Blues,3,1.66,4.43,2,4.43,1.272,1,False,-1.0,2
DS,N. Forest,London Reds,3,5.12,1.69,2,1.69,1.0,2,True,0.69,1
MS_early,London Blues,Bournemouth,8,1.52,5.39,2,5.39,0.5,1,False,-1.0,1
MS_early,Sunderland,A. Villa,7,5.86,1.56,1,5.86,0.448,1,True,4.86,1
MS_early,Bournemouth,Wolverhampton,9,1.83,4.17,1,1.83,0.5,X,False,-1.0,1
MS_early,Burnley,Manchester Red,12,3.29,2.2,1,3.29,0.48,1,True,2.29,1
MS_early,Sunderland,Bournemouth,12,5.33,1.55,2,1.55,0.5,1,False,-1.0,1
FS,Sunderland,Liverpool,34,12.12,1.21,1,12.12,1.094,2,False,-1.0,2
FS,C. Palace,Burnley,34,1.59,4.86,1,1.59,1.0,1,True,0.5900000000000001,1
FS,Spurs,Bournemouth,34,1.62,4.24,1,1.62,1.0,1,True,0.6200000000000001,1
FS,London Blues,Newcastle,37,2.01,3.28,1,2.01,0.65,1,True,1.0099999999999998,1
FS,Spurs,Wolverhampton,36,1.51,5.18,1,1.51,1.0,1,True,0.51,1
FS,Leeds,Brentford,36,6.08,1.51,1,6.08,0.544,1,True,5.08,1
DS,Sunderland,N. Forest,3,4.6,1.7,2,1.7,1.0,2,True,0.7,1
DS,Newcastle,London Reds,2,2.68,2.51,1,2.68,0.656,X,False,-1.0,1
DS,Everton,Manchester Red,2,2.36,3.17,1,2.36,0.656,X,False,-1.0,1
DS,Brighton,West Ham,2,1.57,5.09,2,5.09,1.0,2,True,4.09,1
DS,Burnley,Sunderland,2,2.44,2.75,1,2.44,0.656,2,False,-1.0,1
MS_early,Bournemouth,Fulham,5,2.51,2.85,1,2.51,0.34199999999999997,X,False,-1.0,1
MS_early,Leeds,Manchester Blue,8,14.29,1.19,1,14.29,0.448,1,True,13.29,1
MS_early,Bournemouth,London Reds,11,6.05,1.59,1,6.05,0.948,2,False,-1.0,2
MS_early,N. Forest,Liverpool,11,2.91,2.24,1,2.91,0.48,X,False,-1.0,1
MS_late,Sunderland,Fulham,32,7.13,1.45,2,1.45,0.496,2,True,0.44999999999999996,1
DS,Newcastle,Manchester Blue,2,2.41,2.77,1,2.41,0.656,1,True,1.4100000000000001,1
DS,London Blues,C. Palace,2,1.67,5.0,1,1.67,0.8,1,True,0.6699999999999999,1
DS,Fulham,Newcastle,1,2.51,2.47,1,2.51,0.306,2,False,-1.0,1
DS,C. Palace,Bournemouth,1,1.8,3.84,2,3.84,0.472,2,True,2.84,1
DS,Burnley,West Ham,1,2.67,2.53,2,2.53,1.0,1,False,-1.0,1
MS_early,Sunderland,Leeds,5,3.12,2.35,1,3.12,0.48,1,True,2.12,1
MS_early,West Ham,Bournemouth,4,2.02,3.15,2,3.15,0.5,X,False,-1.0,1
MS_early,London Blues,Bournemouth,11,1.54,5.23,2,5.23,0.5,X,False,-1.0,1
DS,Fulham,Manchester Red,1,1.96,3.55,2,3.55,0.472,1,False,-1.0,1
DS,London Blues,Spurs,1,1.79,3.83,1,1.79,0.8,1,True,0.79,1
DS,C. Palace,Brentford,3,2.43,2.8,1,2.43,0.656,2,False,-1.0,1
DS,West Ham,Fulham,2,2.45,2.7,1,2.45,1.6560000000000001,2,False,-1.0,2
DS,Everton,Burnley,2,1.75,4.42,2,4.42,0.472,1,False,-1.0,1
MS_early,Wolverhampton,Newcastle,5,3.03,2.16,1,3.03,0.48,2,False,-1.0,1
MS_early,Leeds,Fulham,8,5.53,1.56,1,5.53,0.448,2,False,-1.0,1
MS_early,Spurs,Bournemouth,11,1.66,4.11,2,4.11,0.5,1,False,-1.0,1
MS_early,Leeds,Liverpool,11,9.42,1.27,1,9.42,0.448,2,False,-1.0,1
MS_late,Sunderland,Fulham,26,6.97,1.45,2,1.45,0.496,1,False,-1.0,1
FS,London Blues,Wolverhampton,37,1.43,6.68,1,1.43,0.65,1,True,0.42999999999999994,1
FS,Brighton,Spurs,37,2.04,3.05,2,3.05,1.0,1,False,-1.0,1
FS,Sunderland,Leeds,36,3.27,2.27,1,3.27,0.55,2,False,-1.0,1
FS,Spurs,Everton,36,1.61,5.13,1,1.61,1.0,1,True,0.6100000000000001,1
FS,Leeds,A. Villa,35,5.19,1.62,1,5.19,0.544,X,False,-1.0,1
DS,Liverpool,London Blues,3,1.33,8.13,2,8.13,0.8,1,False,-1.0,1
DS,London Blues,Leeds,1,1.27,11.3,1,1.27,0.8,2,False,-1.0,1
DS,Brighton,West Ham,1,1.62,4.81,2,4.81,1.472,X,False,-1.0,2
DS,C. Palace,Sunderland,1,1.66,4.68,2,4.68,0.472,1,False,-1.0,1
DS,Fulham,Wolverhampton,1,1.67,4.53,2,4.53,0.472,X,False,-1.0,1
DS,Bournemouth,Everton,1,2.06,4.1,2,4.1,0.472,X,False,-1.0,1
MS_early,Everton,Manchester Blue,5,5.33,1.69,1,5.33,0.448,2,False,-1.0,1
MS_early,Leeds,Brighton,4,5.99,1.45,1,5.99,0.448,2,False,-1.0,1
MS_early,Sunderland,A. Villa,4,6.07,1.53,1,6.07,0.448,2,False,-1.0,1
MS_early,C. Palace,Liverpool,4,3.12,2.1,1,3.12,0.48,1,True,2.12,1
MS_early,Bournemouth,London Reds,7,6.15,1.58,1,6.15,0.948,1,True,5.15,2
MS_early,London Blues,Manchester Blue,10,3.0,2.29,1,3.0,0.48,1,True,2.0,1
FS,London Reds,Sunderland,36,1.21,11.06,2,11.06,0.55,1,False,-1.0,1
FS,Burnley,Manchester Blue,36,7.9,1.41,1,7.9,0.544,2,False,-1.0,1
FS,Wolverhampton,Spurs,36,2.56,2.43,2,2.43,1.0,2,True,1.4300000000000002,1
FS,Wolverhampton,Sunderland,34,1.92,3.69,2,3.69,0.55,X,False,-1.0,1
FS,Fulham,Spurs,34,2.22,2.74,2,2.74,1.0,X,False,-1.0,1
DS,Sunderland,West Ham,1,4.93,1.65,2,1.65,2.0,2,True,0.6499999999999999,2
DS,N. Forest,Brentford,1,2.35,2.98,1,2.35,0.656,1,True,1.35,1
DS,Wolverhampton,Manchester Blue,1,5.38,1.61,2,1.61,1.0,X,False,-1.0,1
DS,Spurs,Bournemouth,1,1.64,4.16,2,4.16,0.472,1,False,-1.0,1
MS_early,Bournemouth,Manchester Blue,4,5.09,1.7,1,5.09,0.948,2,False,-1.0,2
DS,Brighton,Liverpool,3,2.59,2.39,1,2.59,0.656,1,True,1.5899999999999999,1
DS,N. Forest,London Blues,3,2.1,3.31,2,3.31,0.8,X,False,-1.0,1
MS_early,A. Villa,London Reds,6,3.2,2.12,1,3.2,0.48,1,True,2.2,1
MS_early,Brentford,Liverpool,6,2.72,2.21,1,2.72,0.48,2,False,-1.0,1
MS_early,Sunderland,Newcastle,6,9.04,1.3,1,9.04,0.448,2,False,-1.0,1
MS_early,Leeds,Manchester Blue,6,13.74,1.2,1,13.74,0.448,2,False,-1.0,1
MS_early,Fulham,Bournemouth,10,1.83,3.63,2,3.63,0.5,2,True,2.63,1
MS_early,Burnley,Bournemouth,12,2.86,2.3,2,2.3,0.5,2,True,1.2999999999999998,1
MS_late,Wolverhampton,London Reds,27,6.81,1.48,2,1.48,0.496,1,False,-1.0,1
MS_late,Burnley,Manchester Blue,30,7.77,1.42,2,1.42,0.496,2,True,0.41999999999999993,1
FS,Manchester Red,Spurs,35,1.93,3.41,2,3.41,1.0,X,False,-1.0,1
FS,C. Palace,Everton,35,1.86,4.44,1,1.86,1.0,2,False,-1.0,1
FS,Fulham,London Reds,35,5.32,1.59,1,5.32,0.544,1,True,4.32,1
DS,Manchester Red,West Ham,2,1.6,5.07,2,5.07,1.0,X,False,-1.0,1
DS,Everton,A. Villa,3,2.36,3.15,1,2.36,0.656,2,False,-1.0,1
DS,Burnley,London Reds,3,9.82,1.33,2,1.33,0.52,2,True,0.33000000000000007,1
DS,N. Forest,West Ham,3,1.75,4.38,2,4.38,1.472,1,False,-1.0,2
MS_early,Leeds,London Blues,6,5.68,1.53,1,5.68,0.448,2,False,-1.0,1
MS_early,Fulham,Liverpool,6,2.96,2.12,1,2.96,0.48,X,False,-1.0,1
MS_early,Leeds,Fulham,9,5.96,1.53,1,5.96,0.448,X,False,-1.0,1
MS_early,Wolverhampton,London Reds,9,6.36,1.51,1,6.36,0.448,2,False,-1.0,1
MS_early,Bournemouth,Fulham,12,2.48,2.82,1,2.48,0.34199999999999997,2,False,-1.0,1
MS_early,Sunderland,London Reds,12,23.04,1.12,1,23.04,0.448,2,False,-1.0,1
DS,West Ham,London Blues,1,2.39,2.71,1,2.39,1.6560000000000001,X,False,-1.0,2
DS,Liverpool,West Ham,2,1.23,11.39,2,11.39,1.0,X,False,-1.0,1
DS,Burnley,Newcastle,2,4.27,1.76,2,1.76,1.0,1,False,-1.0,1
DS,Manchester Red,C. Palace,2,1.85,4.24,2,4.24,0.472,2,True,3.24,1
DS,London Blues,Bournemouth,1,1.51,5.5,1,1.51,0.8,2,False,-1.0,1
DS,Wolverhampton,Manchester Red,1,2.3,3.0,1,2.3,0.656,X,False,-1.0,1
DS,Everton,Burnley,1,1.76,4.33,2,4.33,0.472,2,True,3.33,1
MS_early,A. Villa,Bournemouth,5,1.48,5.49,2,5.49,0.5,1,False,-1.0,1
MS_early,Sunderland,West Ham,5,5.03,1.63,1,5.03,0.448,2,False,-1.0,1
MS_early,Bournemouth,Manchester Red,4,2.3,3.12,1,2.3,0.34199999999999997,1,True,1.2999999999999998,1
DS,London Blues,Spurs,3,1.76,3.85,1,1.76,0.8,X,False,-1.0,1
DS,Manchester Blue,West Ham,3,1.21,11.3,2,11.3,1.0,1,False,-1.0,1
MS_early,Spurs,Bournemouth,8,1.71,3.88,2,3.88,0.5,X,False,-1.0,1
MS_early,Sunderland,Newcastle,8,8.95,1.3,1,8.95,0.448,2,False,-1.0,1
MS_early,Brentford,Liverpool,7,2.7,2.23,1,2.7,0.48,1,True,1.7000000000000002,1
MS_early,Bournemouth,C. Palace,6,2.36,3.08,1,2.36,0.34199999999999997,1,True,1.3599999999999999,1
MS_early,C. Palace,Liverpool,11,3.05,2.13,1,3.05,0.48,1,True,2.05,1
MS_early,Bournemouth,Everton,11,2.06,3.99,1,2.06,0.5,X,False,-1.0,1
MS_early,Sunderland,Brentford,10,7.49,1.42,1,7.49,0.448,2,False,-1.0,1
MS_early,Bournemouth,West Ham,9,2.0,3.68,1,2.0,0.5,1,True,1.0,1
MS_late,Leeds,London Blues,27,6.0,1.49,2,1.49,0.496,1,False,-1.0,1
MS_early,Sunderland,Manchester Blue,4,18.88,1.15,1,18.88,0.448,2,False,-1.0,1
MS_early,Bournemouth,London Reds,4,6.04,1.58,1,6.04,0.948,2,False,-1.0,2
MS_early,Leeds,Spurs,4,6.52,1.4,1,6.52,0.448,2,False,-1.0,1
MS_late,Sunderland,London Blues,28,7.03,1.42,2,1.42,0.496,2,True,0.41999999999999993,1
MS_late,Burnley,London Reds,29,9.47,1.35,2,1.35,0.496,2,True,0.3500000000000001,1
FS,Brighton,C. Palace,35,1.82,4.09,2,4.09,1.0,1,False,-1.0,1
FS,Spurs,Fulham,35,1.92,3.41,1,1.92,1.0,2,False,-1.0,1
FS,Newcastle,Sunderland,35,1.25,10.03,2,10.03,0.55,2,True,9.03,1
FS,Brentford,London Blues,35,1.91,3.38,2,3.38,0.65,1,False,-1.0,1
FS,C. Palace,Manchester Blue,34,4.41,1.76,1,4.41,1.44,1,True,3.41,2
FS,Leeds,London Reds,34,18.43,1.15,1,18.43,0.544,2,False,-1.0,1
FS,London Blues,A. Villa,34,1.7,4.65,1,1.7,0.65,X,False,-1.0,1
FS,West Ham,Spurs,34,2.51,2.43,2,2.43,1.0,2,True,1.4300000000000002,1
FS,Sunderland,Bournemouth,34,5.39,1.54,1,5.39,1.094,2,False,-1.0,2
MS_late,Leeds,Spurs,32,6.04,1.44,2,1.44,0.496,2,True,0.43999999999999995,1
DS,Brentford,A. Villa,2,1.85,3.67,2,3.67,0.472,1,False,-1.0,1
DS,N. Forest,London Blues,2,2.14,3.22,2,3.22,0.8,1,False,-1.0,1
DS,Everton,Manchester Red,2,2.39,3.15,1,2.39,0.656,1,True,1.3900000000000001,1
DS,West Ham,Leeds,2,1.57,5.65,1,1.57,1.0,2,False,-1.0,1
DS,C. Palace,Burnley,2,1.61,4.77,2,4.77,0.472,X,False,-1.0,1
DS,Fulham,Brighton,1,2.24,2.71,1,2.24,0.306,1,True,1.2400000000000002,1
DS,London Blues,Everton,1,1.59,5.97,1,1.59,0.8,1,True,0.5900000000000001,1
DS,Newcastle,Manchester Blue,1,2.37,2.83,1,2.37,0.656,1,True,1.37,1
DS,Bournemouth,Brentford,1,2.6,2.73,1,2.6,0.656,X,False,-1.0,1
DS,Manchester Red,West Ham,1,1.58,5.34,2,5.34,1.0,2,True,4.34,1
MS_early,Fulham,Bournemouth,5,1.79,3.76,2,3.76,0.5,2,True,2.76,1
MS_early,Leeds,Brentford,5,5.86,1.54,1,5.86,0.448,2,False,-1.0,1
MS_early,Burnley,A. Villa,5,3.18,2.24,1,3.18,0.48,2,False,-1.0,1
MS_early,Bournemouth,Burnley,4,1.7,4.44,1,1.7,0.5,1,True,0.7,1
DS,Burnley,Wolverhampton,3,2.48,2.76,1,2.48,0.656,X,False,-1.0,1
DS,London Blues,Brentford,3,1.83,4.09,1,1.83,0.546,X,False,-1.0,1
DS,Sunderland,West Ham,3,5.02,1.63,2,1.63,2.0,2,True,0.6299999999999999,2
MS_early,Bournemouth,Brighton,8,2.49,2.61,1,2.49,0.34199999999999997,2,False,-1.0,1
MS_early,A. Villa,Manchester Blue,8,2.9,2.29,1,2.9,0.48,2,False,-1.0,1
MS_early,Manchester Blue,Bournemouth,7,1.23,9.62,2,9.62,0.5,1,False,-1.0,1
MS_early,Leeds,Liverpool,7,9.38,1.28,1,9.38,0.448,2,False,-1.0,1
MS_early,Wolverhampton,Manchester Blue,6,5.4,1.61,1,5.4,0.448,1,True,4.4,1
MS_early,Bournemouth,Newcastle,6,2.9,2.31,1,2.9,0.98,1,True,1.9,2
MS_early,Wolverhampton,Bournemouth,11,2.14,3.01,2,3.01,0.5,2,True,2.01,1
MS_early,Sunderland,London Reds,11,24.35,1.11,1,24.35,0.448,2,False,-1.0,1
MS_early,Brentford,Liverpool,11,2.74,2.19,1,2.74,0.48,1,True,1.7400000000000002,1
MS_early,Burnley,Everton,10,2.78,2.77,1,2.78,0.48,X,False,-1.0,1
MS_early,Bournemouth,C. Palace,10,2.38,3.14,1,2.38,0.34199999999999997,1,True,1.38,1
MS_early,Spurs,Bournemouth,9,1.65,4.13,2,4.13,0.5,1,False,-1.0,1
MS_early,Sunderland,Brentford,9,7.31,1.43,1,7.31,0.448,2,False,-1.0,1
MS_early,N. Forest,London Reds,9,5.2,1.68,1,5.2,0.448,2,False,-1.0,1
MS_early,Leeds,Fulham,9,5.84,1.54,1,5.84,0.448,X,False,-1.0,1
MS_early,Leeds,Brighton,12,6.11,1.45,1,6.11,0.448,2,False,-1.0,1
MS_early,Bournemouth,Sunderland,12,1.79,4.3,1,1.79,0.5,2,False,-1.0,1
