id,match_key,external_id,sport,competition,team_a,team_b,round_info,source_url,first_seen_at
1,InstantLeague-8035|4|A. Villa|West Ham,68524557,Virtual Football,InstantLeague-8035,A. Villa,West Ham,4,https://bet261.mg/virtual/category/instant-league/8035/matches,2026-05-28 21:16:11.887660
2,InstantLeague-8035|4|Newcastle|Manchester Red,68524558,Virtual Football,InstantLeague-8035,Newcastle,Manchester Red,4,https://bet261.mg/virtual/category/instant-league/8035/matches,2026-05-28 21:16:11.895137
3,InstantLeague-8035|4|Manchester Blue|Fulham,68524559,Virtual Football,InstantLeague-8035,Manchester Blue,Fulham,4,https://bet261.mg/virtual/category/instant-league/8035/matches,2026-05-28 21:16:11.901871
4,InstantLeague-8035|4|Liverpool|Spurs,68524560,Virtual Football,InstantLeague-8035,Liverpool,Spurs,4,https://bet261.mg/virtual/category/instant-league/8035/matches,2026-05-28 21:16:11.907866
5,InstantLeague-8035|4|London Reds|Wolverhampton,68524561,Virtual Football,InstantLeague-8035,London Reds,Wolverhampton,4,https://bet261.mg/virtual/category/instant-league/8035/matches,2026-05-28 21:16:11.911115
6,InstantLeague-8035|4|Burnley|London Blues,68524562,Virtual Football,InstantLeague-8035,Burnley,London Blues,4,https://bet261.mg/virtual/category/instant-league/8035/matches,2026-05-28 21:16:11.914581
7,InstantLeague-8035|4|Everton|C. Palace,68524563,Virtual Football,InstantLeague-8035,Everton,C. Palace,4,https://bet261.mg/virtual/category/instant-league/8035/matches,2026-05-28 21:16:11.918582
8,InstantLeague-8035|4|N. Forest|Brentford,68524564,Virtual Football,InstantLeague-8035,N. Forest,Brentford,4,https://bet261.mg/virtual/category/instant-league/8035/matches,2026-05-28 21:16:11.918582
9,InstantLeague-8035|4|Brighton|Sunderland,68524565,Virtual Football,InstantLeague-8035,Brighton,Sunderland,4,https://bet261.mg/virtual/category/instant-league/8035/matches,2026-05-28 21:16:11.918582
10,InstantLeague-8035|4|Leeds|Bournemouth,68524566,Virtual Football,InstantLeague-8035,Leeds,Bournemouth,4,https://bet261.mg/virtual/category/instant-league/8035/matches,2026-05-28 21:16:11.926700
11,InstantLeague-8035|3|Sunderland|Leeds,,Virtual Football,InstantLeague-8035,Sunderland,Leeds,3,https://bet261.mg/virtual/category/instant-league/8035/results,2026-05-28 21:16:11.927699
12,InstantLeague-8035|3|C. Palace|Burnley,,Virtual Football,InstantLeague-8035,C. Palace,Burnley,3,https://bet261.mg/virtual/category/instant-league/8035/results,2026-05-28 21:16:11.934996
13,InstantLeague-8035|3|A. Villa|N. Forest,,Virtual Football,InstantLeague-8035,A. Villa,N. Forest,3,https://bet261.mg/virtual/category/instant-league/8035/results,2026-05-28 21:16:11.938074
14,InstantLeague-8035|3|West Ham|Brighton,,Virtual Football,InstantLeague-8035,West Ham,Brighton,3,https://bet261.mg/virtual/category/instant-league/8035/results,2026-05-28 21:16:11.938074
15,InstantLeague-8035|3|Wolverhampton|Liverpool,,Virtual Football,InstantLeague-8035,Wolverhampton,Liverpool,3,https://bet261.mg/virtual/category/instant-league/8035/results,2026-05-28 21:16:11.947522
16,InstantLeague-8035|3|Fulham|Newcastle,,Virtual Football,InstantLeague-8035,Fulham,Newcastle,3,https://bet261.mg/virtual/category/instant-league/8035/results,2026-05-28 21:16:11.951399
17,InstantLeague-8035|3|Spurs|London Blues,,Virtual Football,InstantLeague-8035,Spurs,London Blues,3,https://bet261.mg/virtual/category/instant-league/8035/results,2026-05-28 21:16:11.955678
18,InstantLeague-8035|3|Bournemouth|Everton,,Virtual Football,InstantLeague-8035,Bournemouth,Everton,3,https://bet261.mg/virtual/category/instant-league/8035/results,2026-05-28 21:16:11.956677
19,InstantLeague-8035|3|Manchester Red|London Reds,,Virtual Football,InstantLeague-8035,Manchester Red,London Reds,3,https://bet261.mg/virtual/category/instant-league/8035/results,2026-05-28 21:16:11.963335
20,InstantLeague-8035|3|Brentford|Manchester Blue,,Virtual Football,InstantLeague-8035,Brentford,Manchester Blue,3,https://bet261.mg/virtual/category/instant-league/8035/results,2026-05-28 21:16:11.966158
21,InstantLeague-8035|2|Leeds|West Ham,,Virtual Football,InstantLeague-8035,Leeds,West Ham,2,https://bet261.mg/virtual/category/instant-league/8035/results,2026-05-28 21:16:11.967821
22,InstantLeague-8035|2|Wolverhampton|Spurs,,Virtual Football,InstantLeague-8035,Wolverhampton,Spurs,2,https://bet261.mg/virtual/category/instant-league/8035/results,2026-05-28 21:16:11.972218
23,InstantLeague-8035|2|Brighton|N. Forest,,Virtual Football,InstantLeague-8035,Brighton,N. Forest,2,https://bet261.mg/virtual/category/instant-league/8035/results,2026-05-28 21:16:11.975518
24,InstantLeague-8035|2|Everton|Sunderland,,Virtual Football,InstantLeague-8035,Everton,Sunderland,2,https://bet261.mg/virtual/category/instant-league/8035/results,2026-05-28 21:16:11.979415
25,InstantLeague-8035|2|London Blues|C. Palace,,Virtual Football,InstantLeague-8035,London Blues,C. Palace,2,https://bet261.mg/virtual/category/instant-league/8035/results,2026-05-28 21:16:11.981422
26,InstantLeague-8035|2|Manchester Blue|A. Villa,,Virtual Football,InstantLeague-8035,Manchester Blue,A. Villa,2,https://bet261.mg/virtual/category/instant-league/8035/results,2026-05-28 21:16:11.985744
27,InstantLeague-8035|2|Burnley|Bournemouth,,Virtual Football,InstantLeague-8035,Burnley,Bournemouth,2,https://bet261.mg/virtual/category/instant-league/8035/results,2026-05-28 21:16:11.988206
28,InstantLeague-8035|2|Newcastle|Brentford,,Virtual Football,InstantLeague-8035,Newcastle,Brentford,2,https://bet261.mg/virtual/category/instant-league/8035/results,2026-05-28 21:16:11.990726
29,InstantLeague-8035|2|Liverpool|Manchester Red,,Virtual Football,InstantLeague-8035,Liverpool,Manchester Red,2,https://bet261.mg/virtual/category/instant-league/8035/results,2026-05-28 21:16:11.992723
30,InstantLeague-8035|2|London Reds|Fulham,,Virtual Football,InstantLeague-8035,London Reds,Fulham,2,https://bet261.mg/virtual/category/instant-league/8035/results,2026-05-28 21:16:11.992723
31,InstantLeague-8035|1|A. Villa|Newcastle,,Virtual Football,InstantLeague-8035,A. Villa,Newcastle,1,https://bet261.mg/virtual/category/instant-league/8035/results,2026-05-28 21:16:11.998270
32,InstantLeague-8035|1|Brighton|Manchester Blue,,Virtual Football,InstantLeague-8035,Brighton,Manchester Blue,1,https://bet261.mg/virtual/category/instant-league/8035/results,2026-05-28 21:16:12.001523
33,InstantLeague-8035|1|Spurs|C. Palace,,Virtual Football,InstantLeague-8035,Spurs,C. Palace,1,https://bet261.mg/virtual/category/instant-league/8035/results,2026-05-28 21:16:12.004135
34,InstantLeague-8035|1|Manchester Red|Wolverhampton,,Virtual Football,InstantLeague-8035,Manchester Red,Wolverhampton,1,https://bet261.mg/virtual/category/instant-league/8035/results,2026-05-28 21:16:12.004135
35,InstantLeague-8035|1|Bournemouth|London Blues,,Virtual Football,InstantLeague-8035,Bournemouth,London Blues,1,https://bet261.mg/virtual/category/instant-league/8035/results,2026-05-28 21:16:12.009308
36,InstantLeague-8035|1|N. Forest|Leeds,,Virtual Football,InstantLeague-8035,N. Forest,Leeds,1,https://bet261.mg/virtual/category/instant-league/8035/results,2026-05-28 21:16:12.010312
37,InstantLeague-8035|1|Fulham|Liverpool,,Virtual Football,InstantLeague-8035,Fulham,Liverpool,1,https://bet261.mg/virtual/category/instant-league/8035/results,2026-05-28 21:16:12.010312
38,InstantLeague-8035|1|Brentford|London Reds,,Virtual Football,InstantLeague-8035,Brentford,London Reds,1,https://bet261.mg/virtual/category/instant-league/8035/results,2026-05-28 21:16:12.010312
39,InstantLeague-8035|1|West Ham|Everton,,Virtual Football,InstantLeague-8035,West Ham,Everton,1,https://bet261.mg/virtual/category/instant-league/8035/results,2026-05-28 21:16:12.019260
40,InstantLeague-8035|1|Sunderland|Burnley,,Virtual Football,InstantLeague-8035,Sunderland,Burnley,1,https://bet261.mg/virtual/category/instant-league/8035/results,2026-05-28 21:16:12.021972
41,InstantLeague-8035|7|Liverpool|Manchester Blue,68524587,Virtual Football,InstantLeague-8035,Liverpool,Manchester Blue,7,https://bet261.mg/virtual/category/instant-league/8035/matches,2026-05-28 21:22:29.924132
42,InstantLeague-8035|7|London Blues|Brighton,68524588,Virtual Football,InstantLeague-8035,London Blues,Brighton,7,https://bet261.mg/virtual/category/instant-league/8035/matches,2026-05-28 21:22:29.933655
43,InstantLeague-8035|7|Spurs|Everton,68524589,Virtual Football,InstantLeague-8035,Spurs,Everton,7,https://bet261.mg/virtual/category/instant-league/8035/matches,2026-05-28 21:22:29.942908
44,InstantLeague-8035|7|London Reds|Newcastle,68524590,Virtual Football,InstantLeague-8035,London Reds,Newcastle,7,https://bet261.mg/virtual/category/instant-league/8035/matches,2026-05-28 21:22:29.942908
45,InstantLeague-8035|7|Fulham|Sunderland,68524591,Virtual Football,InstantLeague-8035,Fulham,Sunderland,7,https://bet261.mg/virtual/category/instant-league/8035/matches,2026-05-28 21:22:29.951009
46,InstantLeague-8035|7|Bournemouth|Brentford,68524592,Virtual Football,InstantLeague-8035,Bournemouth,Brentford,7,https://bet261.mg/virtual/category/instant-league/8035/matches,2026-05-28 21:22:29.951009
47,InstantLeague-8035|7|Manchester Red|West Ham,68524593,Virtual Football,InstantLeague-8035,Manchester Red,West Ham,7,https://bet261.mg/virtual/category/instant-league/8035/matches,2026-05-28 21:22:29.959500
48,InstantLeague-8035|7|Burnley|Leeds,68524594,Virtual Football,InstantLeague-8035,Burnley,Leeds,7,https://bet261.mg/virtual/category/instant-league/8035/matches,2026-05-28 21:22:29.959500
49,InstantLeague-8035|7|Wolverhampton|N. Forest,68524595,Virtual Football,InstantLeague-8035,Wolverhampton,N. Forest,7,https://bet261.mg/virtual/category/instant-league/8035/matches,2026-05-28 21:22:29.967549
50,InstantLeague-8035|7|C. Palace|A. Villa,68524596,Virtual Football,InstantLeague-8035,C. Palace,A. Villa,7,https://bet261.mg/virtual/category/instant-league/8035/matches,2026-05-28 21:22:29.972662
51,InstantLeague-8035|6|Brighton|C. Palace,,Virtual Football,InstantLeague-8035,Brighton,C. Palace,6,https://bet261.mg/virtual/category/instant-league/8035/results,2026-05-28 21:22:29.978219
52,InstantLeague-8035|6|Manchester Blue|Wolverhampton,,Virtual Football,InstantLeague-8035,Manchester Blue,Wolverhampton,6,https://bet261.mg/virtual/category/instant-league/8035/results,2026-05-28 21:22:29.981506
53,InstantLeague-8035|6|Brentford|Sunderland,,Virtual Football,InstantLeague-8035,Brentford,Sunderland,6,https://bet261.mg/virtual/category/instant-league/8035/results,2026-05-28 21:22:29.990992
54,InstantLeague-8035|6|N. Forest|Manchester Red,,Virtual Football,InstantLeague-8035,N. Forest,Manchester Red,6,https://bet261.mg/virtual/category/instant-league/8035/results,2026-05-28 21:22:29.994046
55,InstantLeague-8035|6|Everton|Burnley,,Virtual Football,InstantLeague-8035,Everton,Burnley,6,https://bet261.mg/virtual/category/instant-league/8035/results,2026-05-28 21:22:29.999150
56,InstantLeague-8035|6|A. Villa|Bournemouth,,Virtual Football,InstantLeague-8035,A. Villa,Bournemouth,6,https://bet261.mg/virtual/category/instant-league/8035/results,2026-05-28 21:22:29.999150
57,InstantLeague-8035|6|West Ham|Fulham,,Virtual Football,InstantLeague-8035,West Ham,Fulham,6,https://bet261.mg/virtual/category/instant-league/8035/results,2026-05-28 21:22:29.999150
58,InstantLeague-8035|6|Leeds|London Blues,,Virtual Football,InstantLeague-8035,Leeds,London Blues,6,https://bet261.mg/virtual/category/instant-league/8035/results,2026-05-28 21:22:30.007684
59,InstantLeague-8035|6|Newcastle|Liverpool,,Virtual Football,InstantLeague-8035,Newcastle,Liverpool,6,https://bet261.mg/virtual/category/instant-league/8035/results,2026-05-28 21:22:30.007684
60,InstantLeague-8035|6|London Reds|Spurs,,Virtual Football,InstantLeague-8035,London Reds,Spurs,6,https://bet261.mg/virtual/category/instant-league/8035/results,2026-05-28 21:22:30.016142
61,InstantLeague-8035|5|Fulham|N. Forest,,Virtual Football,InstantLeague-8035,Fulham,N. Forest,5,https://bet261.mg/virtual/category/instant-league/8035/results,2026-05-28 21:22:30.016142
62,InstantLeague-8035|5|Spurs|Burnley,,Virtual Football,InstantLeague-8035,Spurs,Burnley,5,https://bet261.mg/virtual/category/instant-league/8035/results,2026-05-28 21:22:30.024153
63,InstantLeague-8035|5|Manchester Red|Manchester Blue,,Virtual Football,InstantLeague-8035,Manchester Red,Manchester Blue,5,https://bet261.mg/virtual/category/instant-league/8035/results,2026-05-28 21:22:30.025551
64,InstantLeague-8035|5|Sunderland|A. Villa,,Virtual Football,InstantLeague-8035,Sunderland,A. Villa,5,https://bet261.mg/virtual/category/instant-league/8035/results,2026-05-28 21:22:30.025551
65,InstantLeague-8035|5|C. Palace|Leeds,,Virtual Football,InstantLeague-8035,C. Palace,Leeds,5,https://bet261.mg/virtual/category/instant-league/8035/results,2026-05-28 21:22:30.034945
66,InstantLeague-8035|5|London Blues|Everton,,Virtual Football,InstantLeague-8035,London Blues,Everton,5,https://bet261.mg/virtual/category/instant-league/8035/results,2026-05-28 21:22:30.035952
67,InstantLeague-8035|5|Liverpool|London Reds,,Virtual Football,InstantLeague-8035,Liverpool,London Reds,5,https://bet261.mg/virtual/category/instant-league/8035/results,2026-05-28 21:22:30.035952
68,InstantLeague-8035|5|Brentford|West Ham,,Virtual Football,InstantLeague-8035,Brentford,West Ham,5,https://bet261.mg/virtual/category/instant-league/8035/results,2026-05-28 21:22:30.044373
69,InstantLeague-8035|5|Bournemouth|Brighton,,Virtual Football,InstantLeague-8035,Bournemouth,Brighton,5,https://bet261.mg/virtual/category/instant-league/8035/results,2026-05-28 21:22:30.044373
70,InstantLeague-8035|5|Wolverhampton|Newcastle,,Virtual Football,InstantLeague-8035,Wolverhampton,Newcastle,5,https://bet261.mg/virtual/category/instant-league/8035/results,2026-05-28 21:22:30.044373
71,InstantLeague-8035|8|Fulham|Bournemouth,68524597,Virtual Football,InstantLeague-8035,Fulham,Bournemouth,8,https://bet261.mg/virtual/category/instant-league/8035/matches,2026-05-28 21:24:54.423841
72,InstantLeague-8035|8|Brentford|C. Palace,68524598,Virtual Football,InstantLeague-8035,Brentford,C. Palace,8,https://bet261.mg/virtual/category/instant-league/8035/matches,2026-05-28 21:24:54.426281
73,InstantLeague-8035|8|West Ham|Wolverhampton,68524599,Virtual Football,InstantLeague-8035,West Ham,Wolverhampton,8,https://bet261.mg/virtual/category/instant-league/8035/matches,2026-05-28 21:24:54.426281
74,InstantLeague-8035|8|Leeds|Everton,68524600,Virtual Football,InstantLeague-8035,Leeds,Everton,8,https://bet261.mg/virtual/category/instant-league/8035/matches,2026-05-28 21:24:54.426281
75,InstantLeague-8035|8|Sunderland|Manchester Red,68524601,Virtual Football,InstantLeague-8035,Sunderland,Manchester Red,8,https://bet261.mg/virtual/category/instant-league/8035/matches,2026-05-28 21:24:54.439463
76,InstantLeague-8035|8|Manchester Blue|London Reds,68524602,Virtual Football,InstantLeague-8035,Manchester Blue,London Reds,8,https://bet261.mg/virtual/category/instant-league/8035/matches,2026-05-28 21:24:54.442342
77,InstantLeague-8035|8|Brighton|Burnley,68524603,Virtual Football,InstantLeague-8035,Brighton,Burnley,8,https://bet261.mg/virtual/category/instant-league/8035/matches,2026-05-28 21:24:54.444070
78,InstantLeague-8035|8|N. Forest|Liverpool,68524604,Virtual Football,InstantLeague-8035,N. Forest,Liverpool,8,https://bet261.mg/virtual/category/instant-league/8035/matches,2026-05-28 21:24:54.444070
79,InstantLeague-8035|8|A. Villa|London Blues,68524605,Virtual Football,InstantLeague-8035,A. Villa,London Blues,8,https://bet261.mg/virtual/category/instant-league/8035/matches,2026-05-28 21:24:54.444070
80,InstantLeague-8035|8|Newcastle|Spurs,68524606,Virtual Football,InstantLeague-8035,Newcastle,Spurs,8,https://bet261.mg/virtual/category/instant-league/8035/matches,2026-05-28 21:24:54.452462
81,InstantLeague-8035|9|Burnley|A. Villa,68524607,Virtual Football,InstantLeague-8035,Burnley,A. Villa,9,https://bet261.mg/virtual/category/instant-league/8035/matches,2026-05-28 21:27:14.774031
82,InstantLeague-8035|9|London Reds|N. Forest,68524608,Virtual Football,InstantLeague-8035,London Reds,N. Forest,9,https://bet261.mg/virtual/category/instant-league/8035/matches,2026-05-28 21:27:14.774031
83,InstantLeague-8035|9|Everton|Brighton,68524609,Virtual Football,InstantLeague-8035,Everton,Brighton,9,https://bet261.mg/virtual/category/instant-league/8035/matches,2026-05-28 21:27:14.784598
84,InstantLeague-8035|9|Manchester Red|Bournemouth,68524610,Virtual Football,InstantLeague-8035,Manchester Red,Bournemouth,9,https://bet261.mg/virtual/category/instant-league/8035/matches,2026-05-28 21:27:14.786604
85,InstantLeague-8035|9|London Blues|Brentford,68524611,Virtual Football,InstantLeague-8035,London Blues,Brentford,9,https://bet261.mg/virtual/category/instant-league/8035/matches,2026-05-28 21:27:14.786604
86,InstantLeague-8035|9|Newcastle|Manchester Blue,68524612,Virtual Football,InstantLeague-8035,Newcastle,Manchester Blue,9,https://bet261.mg/virtual/category/instant-league/8035/matches,2026-05-28 21:27:14.795136
87,InstantLeague-8035|9|C. Palace|Fulham,68524613,Virtual Football,InstantLeague-8035,C. Palace,Fulham,9,https://bet261.mg/virtual/category/instant-league/8035/matches,2026-05-28 21:27:14.799388
88,InstantLeague-8035|9|Wolverhampton|Sunderland,68524614,Virtual Football,InstantLeague-8035,Wolverhampton,Sunderland,9,https://bet261.mg/virtual/category/instant-league/8035/matches,2026-05-28 21:27:14.803757
89,InstantLeague-8035|9|Spurs|Leeds,68524615,Virtual Football,InstantLeague-8035,Spurs,Leeds,9,https://bet261.mg/virtual/category/instant-league/8035/matches,2026-05-28 21:27:14.804755
90,InstantLeague-8035|9|Liverpool|West Ham,68524616,Virtual Football,InstantLeague-8035,Liverpool,West Ham,9,https://bet261.mg/virtual/category/instant-league/8035/matches,2026-05-28 21:27:14.804755
91,InstantLeague-8035|11|Everton|Brentford,68524627,Virtual Football,InstantLeague-8035,Everton,Brentford,11,https://bet261.mg/virtual/category/instant-league/8035/matches,2026-05-28 21:29:49.679978
92,InstantLeague-8035|11|Manchester Blue|N. Forest,68524628,Virtual Football,InstantLeague-8035,Manchester Blue,N. Forest,11,https://bet261.mg/virtual/category/instant-league/8035/matches,2026-05-28 21:29:49.683250
93,InstantLeague-8035|11|Leeds|A. Villa,68524629,Virtual Football,InstantLeague-8035,Leeds,A. Villa,11,https://bet261.mg/virtual/category/instant-league/8035/matches,2026-05-28 21:29:49.691385
94,InstantLeague-8035|11|Wolverhampton|C. Palace,68524630,Virtual Football,InstantLeague-8035,Wolverhampton,C. Palace,11,https://bet261.mg/virtual/category/instant-league/8035/matches,2026-05-28 21:29:49.694225
95,InstantLeague-8035|11|London Blues|Manchester Red,68524631,Virtual Football,InstantLeague-8035,London Blues,Manchester Red,11,https://bet261.mg/virtual/category/instant-league/8035/matches,2026-05-28 21:29:49.695222
96,InstantLeague-8035|11|London Reds|Sunderland,68524632,Virtual Football,InstantLeague-8035,London Reds,Sunderland,11,https://bet261.mg/virtual/category/instant-league/8035/matches,2026-05-28 21:29:49.695222
97,InstantLeague-8035|11|Burnley|Fulham,68524633,Virtual Football,InstantLeague-8035,Burnley,Fulham,11,https://bet261.mg/virtual/category/instant-league/8035/matches,2026-05-28 21:29:49.703624
98,InstantLeague-8035|11|Newcastle|West Ham,68524634,Virtual Football,InstantLeague-8035,Newcastle,West Ham,11,https://bet261.mg/virtual/category/instant-league/8035/matches,2026-05-28 21:29:49.706864
99,InstantLeague-8035|11|Liverpool|Bournemouth,68524635,Virtual Football,InstantLeague-8035,Liverpool,Bournemouth,11,https://bet261.mg/virtual/category/instant-league/8035/matches,2026-05-28 21:29:49.706864
100,InstantLeague-8035|11|Spurs|Brighton,68524636,Virtual Football,InstantLeague-8035,Spurs,Brighton,11,https://bet261.mg/virtual/category/instant-league/8035/matches,2026-05-28 21:29:49.706864
101,InstantLeague-8035|10|A. Villa|Everton,,Virtual Football,InstantLeague-8035,A. Villa,Everton,10,https://bet261.mg/virtual/category/instant-league/8035/results,2026-05-28 21:29:49.716087
102,InstantLeague-8035|10|Sunderland|Liverpool,,Virtual Football,InstantLeague-8035,Sunderland,Liverpool,10,https://bet261.mg/virtual/category/instant-league/8035/results,2026-05-28 21:29:49.716087
103,InstantLeague-8035|10|Manchester Red|C. Palace,,Virtual Football,InstantLeague-8035,Manchester Red,C. Palace,10,https://bet261.mg/virtual/category/instant-league/8035/results,2026-05-28 21:29:49.716087
104,InstantLeague-8035|10|West Ham|London Reds,,Virtual Football,InstantLeague-8035,West Ham,London Reds,10,https://bet261.mg/virtual/category/instant-league/8035/results,2026-05-28 21:29:49.724349
105,InstantLeague-8035|10|Fulham|London Blues,,Virtual Football,InstantLeague-8035,Fulham,London Blues,10,https://bet261.mg/virtual/category/instant-league/8035/results,2026-05-28 21:29:49.724349
106,InstantLeague-8035|10|Bournemouth|Wolverhampton,,Virtual Football,InstantLeague-8035,Bournemouth,Wolverhampton,10,https://bet261.mg/virtual/category/instant-league/8035/results,2026-05-28 21:29:49.724349
107,InstantLeague-8035|10|Brighton|Leeds,,Virtual Football,InstantLeague-8035,Brighton,Leeds,10,https://bet261.mg/virtual/category/instant-league/8035/results,2026-05-28 21:29:49.724349
108,InstantLeague-8035|10|Manchester Blue|Spurs,,Virtual Football,InstantLeague-8035,Manchester Blue,Spurs,10,https://bet261.mg/virtual/category/instant-league/8035/results,2026-05-28 21:29:49.732609
109,InstantLeague-8035|10|N. Forest|Newcastle,,Virtual Football,InstantLeague-8035,N. Forest,Newcastle,10,https://bet261.mg/virtual/category/instant-league/8035/results,2026-05-28 21:29:49.732609
110,InstantLeague-8035|10|Brentford|Burnley,,Virtual Football,InstantLeague-8035,Brentford,Burnley,10,https://bet261.mg/virtual/category/instant-league/8035/results,2026-05-28 21:29:49.732609
111,InstantLeague-8035|12|Brentford|Leeds,68524637,Virtual Football,InstantLeague-8035,Brentford,Leeds,12,https://bet261.mg/virtual/category/instant-league/8035/matches,2026-05-28 21:32:21.212381
112,InstantLeague-8035|12|West Ham|Manchester Blue,68524638,Virtual Football,InstantLeague-8035,West Ham,Manchester Blue,12,https://bet261.mg/virtual/category/instant-league/8035/matches,2026-05-28 21:32:21.219383
113,InstantLeague-8035|12|Wolverhampton|London Blues,68524639,Virtual Football,InstantLeague-8035,Wolverhampton,London Blues,12,https://bet261.mg/virtual/category/instant-league/8035/matches,2026-05-28 21:32:21.224004
114,InstantLeague-8035|12|Manchester Red|Burnley,68524640,Virtual Football,InstantLeague-8035,Manchester Red,Burnley,12,https://bet261.mg/virtual/category/instant-league/8035/matches,2026-05-28 21:32:21.228705
115,InstantLeague-8035|12|Bournemouth|London Reds,68524641,Virtual Football,InstantLeague-8035,Bournemouth,London Reds,12,https://bet261.mg/virtual/category/instant-league/8035/matches,2026-05-28 21:32:21.233123
116,InstantLeague-8035|12|Fulham|Everton,68524642,Virtual Football,InstantLeague-8035,Fulham,Everton,12,https://bet261.mg/virtual/category/instant-league/8035/matches,2026-05-28 21:32:21.238966
117,InstantLeague-8035|12|C. Palace|Liverpool,68524643,Virtual Football,InstantLeague-8035,C. Palace,Liverpool,12,https://bet261.mg/virtual/category/instant-league/8035/matches,2026-05-28 21:32:21.244273
118,InstantLeague-8035|12|N. Forest|Spurs,68524644,Virtual Football,InstantLeague-8035,N. Forest,Spurs,12,https://bet261.mg/virtual/category/instant-league/8035/matches,2026-05-28 21:32:21.248033
119,InstantLeague-8035|12|Sunderland|Newcastle,68524645,Virtual Football,InstantLeague-8035,Sunderland,Newcastle,12,https://bet261.mg/virtual/category/instant-league/8035/matches,2026-05-28 21:32:21.252255
120,InstantLeague-8035|12|A. Villa|Brighton,68524646,Virtual Football,InstantLeague-8035,A. Villa,Brighton,12,https://bet261.mg/virtual/category/instant-league/8035/matches,2026-05-28 21:32:21.255398
